<?xml version="1.0" encoding="UTF-8"?>
<Export generator="Cache" version="25">
<Class name="HS.SDA3.Referral">
<Description><![CDATA[
At present, Referrals are not parsed from HL7. This class contains<br>
"possible" HL7 annotations, indicating that these mappings from HL7 do not<br>
yet exist, but potentially could someday. (prodlog 119135)]]></Description>
<Super>HS.SDA3.SuperClass</Super>
<TimeCreated>62698,37960.383884</TimeCreated>

<Property name="Extension">
<Type>HS.Local.SDA3.ReferralExtension</Type>
</Property>

<Property name="PlacerId">
<Description><![CDATA[
The originating application's permanent identifier for the referral<br>
Possible HL7:  RF1-6 : OriginatingReferralIdentifier<br><br>
VIEWERLIB: Not stored	]]></Description>
<Type>%String</Type>
<Parameter name="MAXLEN" value="220"/>
</Property>

<Property name="FillerId">
<Description><![CDATA[
The identifier assigned to the referral by the referred-to provider<br>
Possible HL7:  RF1-11 : ExternalReferralIdentifier<br><br>
VIEWERLIB: Not stored]]></Description>
<Type>%String</Type>
<Parameter name="MAXLEN" value="220"/>
</Property>

<Property name="ReferralReason">
<Description><![CDATA[
The reason for which the referral will take place<br>
Possible HL7:  RF1-10 : ReferralReason<br><br>
VIEWERLIB: Not stored]]></Description>
<Type>%String</Type>
<Parameter name="MAXLEN" value="32767"/>
</Property>

<Property name="ReferringProvider">
<Description><![CDATA[
The care provider initiating the referral<br>
From HL7, the ReferringProvider would be given by the PRD segment with<br>
PRD-1.1 (ProviderRole.Indentifier) = "RP" for "Referring Provider".<br>
Possible HL7:  PRD<br><br>
VIEWERLIB: Not stored]]></Description>
<Type>HS.SDA3.CodeTableDetail.CareProvider</Type>
</Property>

<Property name="ReferringOrganization">
<Description><![CDATA[
The facility from which the referral originated<br>
Possible HL7:  PRD-4 : ProviderLocation<br><br>
VIEWERLIB: Not stored]]></Description>
<Type>HS.SDA3.CodeTableDetail.HealthCareFacility</Type>
</Property>

<Property name="ReferredToProvider">
<Description><![CDATA[
The care provider to whom the patient is referred<br>
From HL7, the ReferredToProvider would be given by the PRD segment with<br>
PRD-1.1 (ProviderRole.Indentifier) = "RT" for "Referred to Provider".<br>
Possible HL7:  PRD<br><br>
VIEWERLIB: Not stored]]></Description>
<Type>HS.SDA3.CodeTableDetail.CareProvider</Type>
</Property>

<Property name="ReferredToOrganization">
<Description><![CDATA[
The facility to which the patient is referred<br>
Possible HL7:  PRD-4 : ProviderLocation<br><br>
VIEWERLIB: Not stored]]></Description>
<Type>HS.SDA3.CodeTableDetail.HealthCareFacility</Type>
</Property>

<Property name="ValidityDuration">
<Description><![CDATA[
The length of time the referral is valid from the date of the first<br>
patient/referee encounter.<br><br>
VIEWERLIB: Not stored]]></Description>
<Type>HS.SDA3.CodeTableDetail.Duration</Type>
</Property>

<Property name="EnteredOn">
<Description><![CDATA[
The date on which the referral originated<br>
Possible HL7:  RF1-9 : ProcessDate<br><br>
VIEWERLIB: Not stored]]></Description>
<Type>HS.SDA3.TimeStamp</Type>
</Property>

<Property name="FromTime">
<Description><![CDATA[
The date on which the referral is effective<br>
Possible HL7:  RF1-7 : EffectiveDate<br><br>
VIEWERLIB: Not stored]]></Description>
<Type>HS.SDA3.TimeStamp</Type>
</Property>

<Property name="ToTime">
<Description><![CDATA[
The date on which the referral expires<br>
Possible HL7:  RF1-8 : ExpirationDate<br><br>
VIEWERLIB: Not stored]]></Description>
<Type>HS.SDA3.TimeStamp</Type>
</Property>

<Property name="ActionScope">
<Description>
Not used.</Description>
<Type>%String</Type>
</Property>

<Property name="ReferralStatus">
<Description><![CDATA[
The referral status<br>
HL7:  RF1-1 : <br><br>
VIEWERLIB: Not stored]]></Description>
<Type>HS.SDA3.CodeTableDetail</Type>
</Property>

<Property name="ReferralPriority">
<Description><![CDATA[
The referral priority<br>
HL7:  RF1-2 : <br><br>
VIEWERLIB: Not stored]]></Description>
<Type>HS.SDA3.CodeTableDetail</Type>
</Property>

<Property name="ReferralService">
<Description><![CDATA[
The referral type<br>
HL7:  RF1-3 : <br><br>
VIEWERLIB: Not stored]]></Description>
<Type>HS.SDA3.CodeTableDetail</Type>
</Property>

<Property name="ReferralCategory">
<Description><![CDATA[
The referral category
HL7:  RF1-5 : <br><br>
VIEWERLIB: Not stored]]></Description>
<Type>HS.SDA3.CodeTableDetail</Type>
</Property>

<Property name="WaitListType">
<Type>HS.SDA3.CodeTableDetail</Type>
</Property>

<Property name="TreatingSpecialty">
<Description>
The Treating Specialty for the Referral</Description>
<Type>HS.SDA3.CodeTableDetail.HealthCareFacility</Type>
</Property>

<Property name="ReferralSource">
<Description>
The referral source
VIEWERLIB: Not stored</Description>
<Type>HS.SDA3.CodeTableDetail</Type>
</Property>

<Property name="Comments">
<Description><![CDATA[
The referral notes<br>
HL7:  NTE repeating segment for REF message<br><br>
VIEWERLIB: Not stored]]></Description>
<Type>%String</Type>
<Parameter name="MAXLEN"/>
</Property>

<Property name="TreatmentStartDate">
<Description><![CDATA[
VA calls this the "clinically indicated date" – it refers to the date that the referral is clinically supposed to begin.<br>]]></Description>
<Type>HS.SDA3.TimeStamp</Type>
</Property>

<Storage name="Default">
<Type>%Library.CacheSerialState</Type>
<Data name="SuperClassState">
<Subscript>"SuperClass"</Subscript>
<Value name="1">
<Value>ActionCode</Value>
</Value>
<Value name="2">
<Value>ActionScope</Value>
</Value>
<Value name="3">
<Value>EnteredBy</Value>
</Value>
<Value name="4">
<Value>EnteredAt</Value>
</Value>
<Value name="5">
<Value>EnteredOn</Value>
</Value>
<Value name="6">
<Value>ExternalId</Value>
</Value>
<Value name="7">
<Value>EncounterNumber</Value>
</Value>
<Value name="8">
<Value>FromTime</Value>
</Value>
<Value name="9">
<Value>ToTime</Value>
</Value>
<Value name="10">
<Value>Deleted</Value>
</Value>
<Value name="11">
<Value>UpdatedOn</Value>
</Value>
<Value name="12">
<Value>CustomPairs</Value>
</Value>
<Value name="13">
<Value>PlacerId</Value>
</Value>
<Value name="14">
<Value>FillerId</Value>
</Value>
<Value name="15">
<Value>ReferralReason</Value>
</Value>
<Value name="16">
<Value>ReferringProvider</Value>
</Value>
<Value name="17">
<Value>ReferredToProvider</Value>
</Value>
<Value name="18">
<Value>ReferredToOrganization</Value>
</Value>
<Value name="19">
<Value>ValidityDuration</Value>
</Value>
<Value name="20">
<Value>ReferringOrganization</Value>
</Value>
<Value name="21">
<Value>Extension</Value>
</Value>
<Value name="22">
<Value>ReferralPriority</Value>
</Value>
<Value name="23">
<Value>ReferralService</Value>
</Value>
<Value name="24">
<Value>ReferralCategory</Value>
</Value>
<Value name="25">
<Value>ProviderName</Value>
</Value>
<Value name="26">
<Value>ProviderAddress</Value>
</Value>
<Value name="27">
<Value>ReferralStatus</Value>
</Value>
<Value name="28">
<Value>WaitListType</Value>
</Value>
<Value name="29">
<Value>TreatingSpecialty</Value>
</Value>
<Value name="30">
<Value>ReferralType</Value>
</Value>
<Value name="31">
<Value>ReferralNotes</Value>
</Value>
<Value name="32">
<Value>Comments</Value>
</Value>
<Value name="33">
<Value>ReferralSource</Value>
</Value>
<Value name="34">
<Value>TreatmentStartDate</Value>
</Value>
</Data>
</Storage>
</Class>
</Export>
