<?xml version="1.0" encoding="UTF-8"?>
<Export generator="Cache" version="25" zv="Cache for UNIX (Red Hat Enterprise Linux for x86-64) 2017.2.2 (Build 865_3_19231U)" ts="2020-09-02 13:34:26">
<Class name="Region.USXX.Tools.DATAGOV.VADiagnostics">
<Super>%RegisteredObject</Super>
<TimeChanged>65065,38908.544778</TimeChanged>
<TimeCreated>64748,42304.364806</TimeCreated>

<Method name="Main">
<ClassMethod>1</ClassMethod>
<FormalSpec>path:%String,DateFrom:%String,fileOut:%String</FormalSpec>
<Implementation><![CDATA[
	if (path=""){
		w !,"Path not specified: ",path
		quit
	}
	kill ICDFile
	Set ICDFile=##class(%FileCharacterStream).%New()
	Set ICDFile.Filename = path
	
	if (fileOut'=""){
		 open fileOut:"WN"
		 use fileOut
	}
	w !,"Reading file: ",path
	
	set DateFrom = $zdh(DateFrom,1)
	While 'ICDFile.AtEnd {
		
		Set lineICD=ICDFile.ReadLine()
		If (lineICD'="") {
			Set ICDCode = $extract(lineICD,1,8)
			Set ICDDesc = $extract(lineICD,8,1000)
			Set ICDCode = $ZSTRIP($ZSTRIP(ICDCode,"<>C"),"<>W")
			Set ICDDesc = $ZSTRIP($ZSTRIP(ICDDesc,"<>C"),"<>W")
			
			&SQL(SELECT TOP 1 %id FROM SQLUSER.MRC_ICDDX WHERE MRCID_CODE=:ICDCode)
			if (SQLCODE=100){
				&SQL(INSERT %NOLOCK INTO SQLUser.MRC_ICDDX (MRCID_Code,MRCID_Desc,MRCID_InsDesc,MRCID_DateActiveFrom) VALUES (:ICDCode,:ICDCode||' '||:ICDDesc,:ICDDesc,:DateFrom))
				if (SQLCODE=0){
					w !,"Inserted: ",ICDCode
				} else {
					w !,"Error inserting : ",ICDCode," - ",ICDDesc,". SQLCODE=",SQLCODE,!
				}
			} else {
				&SQL(UPDATE %NOLOCK SQLUser.MRC_ICDDX SET MRCID_Desc=:ICDCode||' '||:ICDDesc WHERE MRCID_Code=:ICDCode)
				if (SQLCODE=0){
					w !,"Updated: ",ICDCode
				} else {
					w !,"Error updating : ",ICDCode," - ",ICDDesc,". SQLCODE=",SQLCODE,!
				}
			}
		}
	}
	do ICDFile.%Close()
	kill ICDFile
	if (fileOut'="") close fileOut
]]></Implementation>
</Method>
</Class>
</Export>
