<?xml version="1.0" encoding="UTF-8"?>
<Export generator="Cache" version="25" zv="Cache for UNIX (Red Hat Enterprise Linux for x86-64) 2017.2.2 (Build 865_3_19231U)" ts="2020-09-29 11:01:14">
<Class name="HS.Local.SDA3.AddressExtension">
<Super>HS.SDA3.DataType</Super>
<TimeChanged>64491,78758</TimeChanged>
<TimeCreated>63714,34300.814241</TimeCreated>

<Storage name="Default">
<Type>%Library.CacheSerialState</Type>
</Storage>
</Class>


<Class name="HS.Local.SDA3.AdministrationExtension">
<Super>HS.SDA3.DataType</Super>
<TimeChanged>64491,78758</TimeChanged>
<TimeCreated>63714,34366.835528</TimeCreated>

<Storage name="Default">
<Type>%Library.CacheSerialState</Type>
</Storage>
</Class>


<Class name="HS.Local.SDA3.AdvanceDirectiveExtension">
<Super>HS.SDA3.DataType</Super>
<TimeChanged>64491,78758</TimeChanged>
<TimeCreated>63714,34424.839538</TimeCreated>

<Parameter name="STREAMLETCLASS">
<Default>HS.SDA3.Streamlet.AdvanceDirective</Default>
</Parameter>

<Storage name="Default">
<Type>%Library.CacheSerialState</Type>
</Storage>
</Class>


<Class name="HS.Local.SDA3.AlertExtension">
<Super>HS.SDA3.DataType</Super>
<TimeChanged>64491,78758</TimeChanged>
<TimeCreated>63714,34489.622622</TimeCreated>

<Parameter name="STREAMLETCLASS">
<Default>HS.SDA3.Streamlet.Alert</Default>
</Parameter>

<Storage name="Default">
<Type>%Library.CacheSerialState</Type>
</Storage>
</Class>


<Class name="HS.Local.SDA3.AllergyExtension">
<Super>HS.SDA3.DataType</Super>
<TimeChanged>64491,78758</TimeChanged>
<TimeCreated>63714,34573.895667</TimeCreated>

<Parameter name="STREAMLETCLASS">
<Default>HS.SDA3.Streamlet.Allergy</Default>
</Parameter>

<Storage name="Default">
<Type>%Library.CacheSerialState</Type>
</Storage>
</Class>


<Class name="HS.Local.SDA3.AppointmentExtension">
<Super>HS.SDA3.DataType</Super>
<TimeChanged>64491,78758</TimeChanged>
<TimeCreated>63714,34645.195277</TimeCreated>

<Parameter name="STREAMLETCLASS">
<Default>HS.SDA3.Streamlet.Appointment</Default>
</Parameter>

<Storage name="Default">
<Type>%Library.CacheSerialState</Type>
</Storage>
</Class>


<Class name="HS.Local.SDA3.CarePlanExtension">
<Super>HS.SDA3.DataType</Super>
<TimeChanged>64491,78758</TimeChanged>
<TimeCreated>63714,34645.195277</TimeCreated>

<Parameter name="STREAMLETCLASS">
<Default>HS.SDA3.Streamlet.CarePlan</Default>
</Parameter>

<Storage name="Default">
<Type>%Library.CacheSerialState</Type>
</Storage>
</Class>


<Class name="HS.Local.SDA3.CodeTableDetail.ATCCodeExtension">
<Super>HS.SDA3.CodeTableExtension</Super>
<TimeChanged>64491,78758</TimeChanged>
<TimeCreated>63713,48853.18416</TimeCreated>

<Storage name="Default">
<Type>%Library.CacheSerialState</Type>
</Storage>
</Class>


<Class name="HS.Local.SDA3.CodeTableDetail.AdministrationSiteExtension">
<Super>HS.SDA3.CodeTableExtension</Super>
<TimeChanged>64491,78758</TimeChanged>
<TimeCreated>63713,38689.291108</TimeCreated>

<Storage name="Default">
<Type>%Library.CacheSerialState</Type>
</Storage>
</Class>


<Class name="HS.Local.SDA3.CodeTableDetail.AdministrationStatusExtension">
<Super>HS.SDA3.CodeTableExtension</Super>
<TimeChanged>64491,78758</TimeChanged>
<TimeCreated>63713,38880.435416</TimeCreated>

<Storage name="Default">
<Type>%Library.CacheSerialState</Type>
</Storage>
</Class>


<Class name="HS.Local.SDA3.CodeTableDetail.AdmissionSourceExtension">
<Super>HS.SDA3.CodeTableExtension</Super>
<TimeChanged>64491,78758</TimeChanged>
<TimeCreated>63713,39100.300445</TimeCreated>

<Storage name="Default">
<Type>%Library.CacheSerialState</Type>
</Storage>
</Class>


<Class name="HS.Local.SDA3.CodeTableDetail.AdmissionTypeExtension">
<Super>HS.SDA3.CodeTableExtension</Super>
<TimeChanged>64491,78758</TimeChanged>
<TimeCreated>63713,45344.154831</TimeCreated>

<Storage name="Default">
<Type>%Library.CacheSerialState</Type>
</Storage>
</Class>


<Class name="HS.Local.SDA3.CodeTableDetail.AdmitReasonExtension">
<Super>HS.SDA3.CodeTableExtension</Super>
<TimeChanged>64491,78758</TimeChanged>
<TimeCreated>63713,45494.819033</TimeCreated>

<Storage name="Default">
<Type>%Library.CacheSerialState</Type>
</Storage>
</Class>


<Class name="HS.Local.SDA3.CodeTableDetail.AlertExtension">
<Super>HS.SDA3.CodeTableExtension</Super>
<TimeChanged>64491,78758</TimeChanged>
<TimeCreated>63713,45631.621264</TimeCreated>

<Parameter name="XMLTYPE">
<Default>AlertCodeExtension</Default>
</Parameter>

<Parameter name="XMLNAME">
<Default>AlertExtension</Default>
</Parameter>

<Storage name="Default">
<Type>%Library.CacheSerialState</Type>
</Storage>
</Class>


<Class name="HS.Local.SDA3.CodeTableDetail.AlertTypeExtension">
<Super>HS.SDA3.CodeTableExtension</Super>
<TimeChanged>64491,78758</TimeChanged>
<TimeCreated>63713,48066.276928</TimeCreated>

<Storage name="Default">
<Type>%Library.CacheSerialState</Type>
</Storage>
</Class>


<Class name="HS.Local.SDA3.CodeTableDetail.AllergyCategoryExtension">
<Super>HS.SDA3.CodeTableExtension</Super>
<TimeChanged>64491,78758</TimeChanged>
<TimeCreated>63713,48449.69429</TimeCreated>

<Storage name="Default">
<Type>%Library.CacheSerialState</Type>
</Storage>
</Class>


<Class name="HS.Local.SDA3.CodeTableDetail.AllergyExtension">
<Super>HS.SDA3.CodeTableExtension</Super>
<TimeChanged>64491,78758</TimeChanged>
<TimeCreated>63713,48340.028126</TimeCreated>

<Parameter name="XMLTYPE">
<Default>AllergyCodeExtension</Default>
</Parameter>

<Parameter name="XMLNAME">
<Default>AllergyExtension</Default>
</Parameter>

<Storage name="Default">
<Type>%Library.CacheSerialState</Type>
</Storage>
</Class>


<Class name="HS.Local.SDA3.CodeTableDetail.AppointmentTypeExtension">
<Super>HS.SDA3.CodeTableExtension</Super>
<TimeChanged>64491,78758</TimeChanged>
<TimeCreated>63713,48564.450914</TimeCreated>

<Storage name="Default">
<Type>%Library.CacheSerialState</Type>
</Storage>
</Class>


<Class name="HS.Local.SDA3.CodeTableDetail.BodyPartExtension">
<Super>HS.SDA3.CodeTableExtension</Super>
<TimeChanged>64491,78758</TimeChanged>
<TimeCreated>63713,49008.136177</TimeCreated>

<Storage name="Default">
<Type>%Library.CacheSerialState</Type>
</Storage>
</Class>


<Class name="HS.Local.SDA3.CodeTableDetail.BusinessExtension">
<Super>HS.SDA3.CodeTableExtension</Super>
<TimeChanged>64491,78758</TimeChanged>
<TimeCreated>63713,49104.867598</TimeCreated>

<Storage name="Default">
<Type>%Library.CacheSerialState</Type>
</Storage>
</Class>


<Class name="HS.Local.SDA3.CodeTableDetail.CarePlanSubTypeExtension">
<Super>HS.SDA3.CodeTableExtension</Super>
<TimeChanged>64491,78758</TimeChanged>
<TimeCreated>63746,57311.561137</TimeCreated>

<Storage name="Default">
<Type>%Library.CacheSerialState</Type>
</Storage>
</Class>


<Class name="HS.Local.SDA3.CodeTableDetail.CarePlanTypeExtension">
<Super>HS.SDA3.CodeTableExtension</Super>
<TimeChanged>64491,78758</TimeChanged>
<TimeCreated>63746,57311.561137</TimeCreated>

<Storage name="Default">
<Type>%Library.CacheSerialState</Type>
</Storage>
</Class>


<Class name="HS.Local.SDA3.CodeTableDetail.CareProviderExtension">
<Super>HS.SDA3.CodeTableExtension</Super>
<TimeChanged>64491,78758</TimeChanged>
<TimeCreated>63713,49197.642143</TimeCreated>

<Storage name="Default">
<Type>%Library.CacheSerialState</Type>
</Storage>
</Class>


<Class name="HS.Local.SDA3.CodeTableDetail.CareProviderGroupExtension">
<Super>HS.SDA3.CodeTableExtension</Super>
<TimeChanged>64699,51672</TimeChanged>
<TimeCreated>63713,38689.291108</TimeCreated>

<Storage name="Default">
<Type>%Library.CacheSerialState</Type>
</Storage>
</Class>


<Class name="HS.Local.SDA3.CodeTableDetail.CareProviderTypeExtension">
<Super>HS.SDA3.CodeTableExtension</Super>
<TimeChanged>64491,78758</TimeChanged>
<TimeCreated>63713,49293.956014</TimeCreated>

<Storage name="Default">
<Type>%Library.CacheSerialState</Type>
</Storage>
</Class>


<Class name="HS.Local.SDA3.CodeTableDetail.CertaintyExtension">
<Super>HS.SDA3.CodeTableExtension</Super>
<TimeChanged>64491,78758</TimeChanged>
<TimeCreated>63713,51217.197523</TimeCreated>

<Storage name="Default">
<Type>%Library.CacheSerialState</Type>
</Storage>
</Class>


<Class name="HS.Local.SDA3.CodeTableDetail.CitizenshipExtension">
<Super>HS.SDA3.CodeTableExtension</Super>
<TimeChanged>64491,78758</TimeChanged>
<TimeCreated>63713,52009.048168</TimeCreated>

<Storage name="Default">
<Type>%Library.CacheSerialState</Type>
</Storage>
</Class>


<Class name="HS.Local.SDA3.CodeTableDetail.CityExtension">
<Super>HS.SDA3.CodeTableExtension</Super>
<TimeChanged>64491,78758</TimeChanged>
<TimeCreated>63713,52176.202442</TimeCreated>

<Storage name="Default">
<Type>%Library.CacheSerialState</Type>
</Storage>
</Class>


<Class name="HS.Local.SDA3.CodeTableDetail.ClaimLineTypeExtension">
<Super>HS.SDA3.CodeTableExtension</Super>
<TimeChanged>64491,78758</TimeChanged>
<TimeCreated>63713,52262.11163</TimeCreated>

<Storage name="Default">
<Type>%Library.CacheSerialState</Type>
</Storage>
</Class>


<Class name="HS.Local.SDA3.CodeTableDetail.ClaimStatusExtension">
<Super>HS.SDA3.CodeTableExtension</Super>
<TimeChanged>64491,78758</TimeChanged>
<TimeCreated>63713,52343.244604</TimeCreated>

<Storage name="Default">
<Type>%Library.CacheSerialState</Type>
</Storage>
</Class>


<Class name="HS.Local.SDA3.CodeTableDetail.CollectionMethodExtension">
<Super>HS.SDA3.CodeTableExtension</Super>
<TimeChanged>64491,78758</TimeChanged>
<TimeCreated>63713,52422.197904</TimeCreated>

<Storage name="Default">
<Type>%Library.CacheSerialState</Type>
</Storage>
</Class>


<Class name="HS.Local.SDA3.CodeTableDetail.ConfidentialityExtension">
<Super>HS.SDA3.CodeTableExtension</Super>
<TimeChanged>64491,78758</TimeChanged>
<TimeCreated>63713,52496.594007</TimeCreated>

<Storage name="Default">
<Type>%Library.CacheSerialState</Type>
</Storage>
</Class>


<Class name="HS.Local.SDA3.CodeTableDetail.ContactTypeExtension">
<Super>HS.SDA3.CodeTableExtension</Super>
<TimeChanged>64491,78758</TimeChanged>
<TimeCreated>63713,52606.603778</TimeCreated>

<Storage name="Default">
<Type>%Library.CacheSerialState</Type>
</Storage>
</Class>


<Class name="HS.Local.SDA3.CodeTableDetail.CountryExtension">
<Super>HS.SDA3.CodeTableExtension</Super>
<TimeChanged>64491,78758</TimeChanged>
<TimeCreated>63713,52837.463862</TimeCreated>

<Storage name="Default">
<Type>%Library.CacheSerialState</Type>
</Storage>
</Class>


<Class name="HS.Local.SDA3.CodeTableDetail.CountyExtension">
<Super>HS.SDA3.CodeTableExtension</Super>
<TimeChanged>64491,78758</TimeChanged>
<TimeCreated>63713,52913.22779</TimeCreated>

<Storage name="Default">
<Type>%Library.CacheSerialState</Type>
</Storage>
</Class>


<Class name="HS.Local.SDA3.CodeTableDetail.CoverageLevelExtension">
<Super>HS.SDA3.CodeTableExtension</Super>
<TimeChanged>64491,78758</TimeChanged>
<TimeCreated>63713,53069.200175</TimeCreated>

<Storage name="Default">
<Type>%Library.CacheSerialState</Type>
</Storage>
</Class>


<Class name="HS.Local.SDA3.CodeTableDetail.CoverageTypeExtension">
<Super>HS.SDA3.CodeTableExtension</Super>
<TimeChanged>64491,78758</TimeChanged>
<TimeCreated>63713,53153.298437</TimeCreated>

<Storage name="Default">
<Type>%Library.CacheSerialState</Type>
</Storage>
</Class>


<Class name="HS.Local.SDA3.CodeTableDetail.DeniedReasonCodeExtension">
<Super>HS.SDA3.CodeTableExtension</Super>
<TimeChanged>64491,78758</TimeChanged>
<TimeCreated>63713,53235.251268</TimeCreated>

<Storage name="Default">
<Type>%Library.CacheSerialState</Type>
</Storage>
</Class>


<Class name="HS.Local.SDA3.CodeTableDetail.DeviceExtension">
<Super>HS.SDA3.CodeTableExtension</Super>
<TimeChanged>64491,78758</TimeChanged>
<TimeCreated>64260,52649.064286</TimeCreated>

<Parameter name="XMLTYPE">
<Default>DeviceCodeExtension</Default>
</Parameter>

<Parameter name="XMLNAME">
<Default>DeviceExtension</Default>
</Parameter>

<Storage name="Default">
<Type>%Library.CacheSerialState</Type>
</Storage>
</Class>


<Class name="HS.Local.SDA3.CodeTableDetail.DiagnosisExtension">
<Super>HS.SDA3.CodeTableExtension</Super>
<TimeChanged>64491,78758</TimeChanged>
<TimeCreated>63713,53667.237613</TimeCreated>

<Parameter name="XMLTYPE">
<Default>DiagnosisCodeExtension</Default>
</Parameter>

<Parameter name="XMLNAME">
<Default>DiagnosisExtension</Default>
</Parameter>

<Storage name="Default">
<Type>%Library.CacheSerialState</Type>
</Storage>
</Class>


<Class name="HS.Local.SDA3.CodeTableDetail.DiagnosisRelatedGroupExtension">
<Super>HS.SDA3.CodeTableExtension</Super>
<TimeChanged>64491,78758</TimeChanged>
<TimeCreated>63713,53717.760992</TimeCreated>

<Storage name="Default">
<Type>%Library.CacheSerialState</Type>
</Storage>
</Class>


<Class name="HS.Local.SDA3.CodeTableDetail.DiagnosisStatusExtension">
<Super>HS.SDA3.CodeTableExtension</Super>
<TimeChanged>64491,78758</TimeChanged>
<TimeCreated>63713,53822.148821</TimeCreated>

<Storage name="Default">
<Type>%Library.CacheSerialState</Type>
</Storage>
</Class>


<Class name="HS.Local.SDA3.CodeTableDetail.DiagnosisTypeExtension">
<Super>HS.SDA3.CodeTableExtension</Super>
<TimeChanged>64491,78758</TimeChanged>
<TimeCreated>63713,54224.557403</TimeCreated>

<Storage name="Default">
<Type>%Library.CacheSerialState</Type>
</Storage>
</Class>


<Class name="HS.Local.SDA3.CodeTableDetail.DischargeLocationExtension">
<Super>HS.SDA3.CodeTableExtension</Super>
<TimeChanged>64491,78758</TimeChanged>
<TimeCreated>63713,54323.036007</TimeCreated>

<Storage name="Default">
<Type>%Library.CacheSerialState</Type>
</Storage>
</Class>


<Class name="HS.Local.SDA3.CodeTableDetail.DischargeStatusExtension">
<Super>HS.SDA3.CodeTableExtension</Super>
<TimeChanged>64491,78758</TimeChanged>
<TimeCreated>63713,52343.244604</TimeCreated>

<Storage name="Default">
<Type>%Library.CacheSerialState</Type>
</Storage>
</Class>


<Class name="HS.Local.SDA3.CodeTableDetail.DocumentCompletionStatusExtension">
<Super>HS.SDA3.CodeTableExtension</Super>
<TimeChanged>64491,78758</TimeChanged>
<TimeCreated>63713,54440.034452</TimeCreated>

<Storage name="Default">
<Type>%Library.CacheSerialState</Type>
</Storage>
</Class>


<Class name="HS.Local.SDA3.CodeTableDetail.DocumentOrganizationRoleExtension">
<Super>HS.SDA3.CodeTableExtension</Super>
<TimeChanged>64491,78758</TimeChanged>
<TimeCreated>63746,57362.348506</TimeCreated>

<Storage name="Default">
<Type>%Library.CacheSerialState</Type>
</Storage>
</Class>


<Class name="HS.Local.SDA3.CodeTableDetail.DocumentProviderRoleExtension">
<Super>HS.SDA3.CodeTableExtension</Super>
<TimeChanged>64491,78758</TimeChanged>
<TimeCreated>63746,57311.561137</TimeCreated>

<Storage name="Default">
<Type>%Library.CacheSerialState</Type>
</Storage>
</Class>


<Class name="HS.Local.SDA3.CodeTableDetail.DocumentStatusExtension">
<Super>HS.SDA3.CodeTableExtension</Super>
<TimeChanged>64491,78758</TimeChanged>
<TimeCreated>63713,54440.034452</TimeCreated>

<Storage name="Default">
<Type>%Library.CacheSerialState</Type>
</Storage>
</Class>


<Class name="HS.Local.SDA3.CodeTableDetail.DocumentTypeExtension">
<Super>HS.SDA3.CodeTableExtension</Super>
<TimeChanged>64491,78758</TimeChanged>
<TimeCreated>63713,54580.35158</TimeCreated>

<Storage name="Default">
<Type>%Library.CacheSerialState</Type>
</Storage>
</Class>


<Class name="HS.Local.SDA3.CodeTableDetail.DosageFormExtension">
<Super>HS.SDA3.CodeTableExtension</Super>
<TimeChanged>64491,78758</TimeChanged>
<TimeCreated>63713,55403.211072</TimeCreated>

<Storage name="Default">
<Type>%Library.CacheSerialState</Type>
</Storage>
</Class>


<Class name="HS.Local.SDA3.CodeTableDetail.DrugProductExtension">
<Super>HS.SDA3.CodeTableExtension</Super>
<TimeChanged>64491,78758</TimeChanged>
<TimeCreated>63713,55855.191676</TimeCreated>

<Storage name="Default">
<Type>%Library.CacheSerialState</Type>
</Storage>
</Class>


<Class name="HS.Local.SDA3.CodeTableDetail.DrugProductFormExtension">
<Super>HS.SDA3.CodeTableExtension</Super>
<TimeChanged>64491,78758</TimeChanged>
<TimeCreated>63713,55943.84066</TimeCreated>

<Storage name="Default">
<Type>%Library.CacheSerialState</Type>
</Storage>
</Class>


<Class name="HS.Local.SDA3.CodeTableDetail.DrugProductTypeExtension">
<Super>HS.SDA3.CodeTableExtension</Super>
<TimeChanged>64491,78758</TimeChanged>
<TimeCreated>63713,56100.5933</TimeCreated>

<Storage name="Default">
<Type>%Library.CacheSerialState</Type>
</Storage>
</Class>


<Class name="HS.Local.SDA3.CodeTableDetail.DurationExtension">
<Super>HS.SDA3.CodeTableExtension</Super>
<TimeChanged>64491,78758</TimeChanged>
<TimeCreated>63713,56212.6314</TimeCreated>

<Storage name="Default">
<Type>%Library.CacheSerialState</Type>
</Storage>
</Class>


<Class name="HS.Local.SDA3.CodeTableDetail.EmploymentStatusCodeExtension">
<Super>HS.SDA3.CodeTableExtension</Super>
<TimeChanged>64491,78758</TimeChanged>
<TimeCreated>63858,39995.810548</TimeCreated>

<Storage name="Default">
<Type>%Library.CacheSerialState</Type>
</Storage>
</Class>


<Class name="HS.Local.SDA3.CodeTableDetail.EncounterPriorityExtension">
<Super>HS.SDA3.CodeTableExtension</Super>
<TimeChanged>64491,78758</TimeChanged>
<TimeCreated>63713,56446.494395</TimeCreated>

<Storage name="Default">
<Type>%Library.CacheSerialState</Type>
</Storage>
</Class>


<Class name="HS.Local.SDA3.CodeTableDetail.EncounterTypeExtension">
<Super>HS.SDA3.CodeTableExtension</Super>
<TimeChanged>64491,78758</TimeChanged>
<TimeCreated>63713,56544.751713</TimeCreated>

<Storage name="Default">
<Type>%Library.CacheSerialState</Type>
</Storage>
</Class>


<Class name="HS.Local.SDA3.CodeTableDetail.EthnicGroupExtension">
<Super>HS.SDA3.CodeTableExtension</Super>
<TimeChanged>64491,78758</TimeChanged>
<TimeCreated>63713,56625.073933</TimeCreated>

<Storage name="Default">
<Type>%Library.CacheSerialState</Type>
</Storage>
</Class>


<Class name="HS.Local.SDA3.CodeTableDetail.FamilyDoctorExtension">
<Super>HS.SDA3.CodeTableExtension</Super>
<TimeChanged>64491,78758</TimeChanged>
<TimeCreated>63713,56708.207921</TimeCreated>

<Storage name="Default">
<Type>%Library.CacheSerialState</Type>
</Storage>
</Class>


<Class name="HS.Local.SDA3.CodeTableDetail.FamilyMemberExtension">
<Super>HS.SDA3.CodeTableExtension</Super>
<TimeChanged>64491,78758</TimeChanged>
<TimeCreated>63713,56838.114566</TimeCreated>

<Storage name="Default">
<Type>%Library.CacheSerialState</Type>
</Storage>
</Class>


<Class name="HS.Local.SDA3.CodeTableDetail.FamilyPlanningExtension">
<Super>HS.SDA3.CodeTableExtension</Super>
<TimeChanged>64491,78758</TimeChanged>
<TimeCreated>63713,56936.592573</TimeCreated>

<Storage name="Default">
<Type>%Library.CacheSerialState</Type>
</Storage>
</Class>


<Class name="HS.Local.SDA3.CodeTableDetail.FrequencyExtension">
<Super>HS.SDA3.CodeTableExtension</Super>
<TimeChanged>64491,78758</TimeChanged>
<TimeCreated>63713,57006.408578</TimeCreated>

<Storage name="Default">
<Type>%Library.CacheSerialState</Type>
</Storage>
</Class>


<Class name="HS.Local.SDA3.CodeTableDetail.GenderExtension">
<Super>HS.SDA3.CodeTableExtension</Super>
<TimeChanged>64491,78758</TimeChanged>
<TimeCreated>63713,57418.509279</TimeCreated>

<Storage name="Default">
<Type>%Library.CacheSerialState</Type>
</Storage>
</Class>


<Class name="HS.Local.SDA3.CodeTableDetail.GenericExtension">
<Super>HS.SDA3.CodeTableExtension</Super>
<TimeChanged>64491,78758</TimeChanged>
<TimeCreated>63713,57509.413175</TimeCreated>

<Storage name="Default">
<Type>%Library.CacheSerialState</Type>
</Storage>
</Class>


<Class name="HS.Local.SDA3.CodeTableDetail.HealthCareFacilityExtension">
<Super>HS.SDA3.CodeTableExtension</Super>
<TimeChanged>64491,78758</TimeChanged>
<TimeCreated>63713,57767.808537</TimeCreated>

<Storage name="Default">
<Type>%Library.CacheSerialState</Type>
</Storage>
</Class>


<Class name="HS.Local.SDA3.CodeTableDetail.HealthConcernStatusExtension">
<Super>HS.SDA3.CodeTableExtension</Super>
<TimeChanged>64491,78758</TimeChanged>
<TimeCreated>64260,53420.471486</TimeCreated>

<Storage name="Default">
<Type>%Library.CacheSerialState</Type>
</Storage>
</Class>


<Class name="HS.Local.SDA3.CodeTableDetail.HealthFundExtension">
<Super>HS.SDA3.CodeTableExtension</Super>
<TimeChanged>64491,78758</TimeChanged>
<TimeCreated>63713,57831.964058</TimeCreated>

<Parameter name="XMLTYPE">
<Default>HealthFundCodeExtension</Default>
</Parameter>

<Parameter name="XMLNAME">
<Default>HealthFundExtension</Default>
</Parameter>

<Storage name="Default">
<Type>%Library.CacheSerialState</Type>
</Storage>
</Class>


<Class name="HS.Local.SDA3.CodeTableDetail.HealthFundPlanExtension">
<Super>HS.SDA3.CodeTableExtension</Super>
<TimeChanged>64491,78758</TimeChanged>
<TimeCreated>63713,57914.987563</TimeCreated>

<Storage name="Default">
<Type>%Library.CacheSerialState</Type>
</Storage>
</Class>


<Class name="HS.Local.SDA3.CodeTableDetail.InsuranceTypeExtension">
<Super>HS.SDA3.CodeTableExtension</Super>
<TimeChanged>64491,78758</TimeChanged>
<TimeCreated>63713,58023.617625</TimeCreated>

<Storage name="Default">
<Type>%Library.CacheSerialState</Type>
</Storage>
</Class>


<Class name="HS.Local.SDA3.CodeTableDetail.LabTestItemExtension">
<Super>HS.SDA3.CodeTableExtension</Super>
<TimeChanged>64491,78758</TimeChanged>
<TimeCreated>63713,58084.975389</TimeCreated>

<Storage name="Default">
<Type>%Library.CacheSerialState</Type>
</Storage>
</Class>


<Class name="HS.Local.SDA3.CodeTableDetail.LanguageExtension">
<Super>HS.SDA3.CodeTableExtension</Super>
<TimeChanged>64491,78758</TimeChanged>
<TimeCreated>63713,58140.797425</TimeCreated>

<Storage name="Default">
<Type>%Library.CacheSerialState</Type>
</Storage>
</Class>


<Class name="HS.Local.SDA3.CodeTableDetail.MaritalStatusExtension">
<Super>HS.SDA3.CodeTableExtension</Super>
<TimeChanged>64491,78758</TimeChanged>
<TimeCreated>63713,58228.473297</TimeCreated>

<Storage name="Default">
<Type>%Library.CacheSerialState</Type>
</Storage>
</Class>


<Class name="HS.Local.SDA3.CodeTableDetail.MarketCategoryExtension">
<Super>HS.SDA3.CodeTableExtension</Super>
<TimeChanged>64491,78758</TimeChanged>
<TimeCreated>63713,58434.890039</TimeCreated>

<Storage name="Default">
<Type>%Library.CacheSerialState</Type>
</Storage>
</Class>


<Class name="HS.Local.SDA3.CodeTableDetail.ObservationExtension">
<Super>HS.SDA3.CodeTableExtension</Super>
<TimeChanged>64491,78758</TimeChanged>
<TimeCreated>63713,58501.281375</TimeCreated>

<Parameter name="XMLTYPE">
<Default>ObservationCodeExtension</Default>
</Parameter>

<Parameter name="XMLNAME">
<Default>ObservationExtension</Default>
</Parameter>

<Storage name="Default">
<Type>%Library.CacheSerialState</Type>
</Storage>
</Class>


<Class name="HS.Local.SDA3.CodeTableDetail.ObservationMethodExtension">
<Super>HS.SDA3.CodeTableExtension</Super>
<TimeChanged>64491,78758</TimeChanged>
<TimeCreated>63713,58709.88052</TimeCreated>

<Storage name="Default">
<Type>%Library.CacheSerialState</Type>
</Storage>
</Class>


<Class name="HS.Local.SDA3.CodeTableDetail.ObservationValueCodeExtension">
<Super>HS.SDA3.CodeTableExtension</Super>
<TimeChanged>64491,78758</TimeChanged>
<TimeCreated>63713,58893.870052</TimeCreated>

<Storage name="Default">
<Type>%Library.CacheSerialState</Type>
</Storage>
</Class>


<Class name="HS.Local.SDA3.CodeTableDetail.OccupationExtension">
<Super>HS.SDA3.CodeTableExtension</Super>
<TimeChanged>64491,78758</TimeChanged>
<TimeCreated>63713,58965.956463</TimeCreated>

<Storage name="Default">
<Type>%Library.CacheSerialState</Type>
</Storage>
</Class>


<Class name="HS.Local.SDA3.CodeTableDetail.OrderCategoryExtension">
<Super>HS.SDA3.CodeTableExtension</Super>
<TimeChanged>64491,78758</TimeChanged>
<TimeCreated>63713,59106.660196</TimeCreated>

<Storage name="Default">
<Type>%Library.CacheSerialState</Type>
</Storage>
</Class>


<Class name="HS.Local.SDA3.CodeTableDetail.OrderExtension">
<Super>HS.SDA3.CodeTableExtension</Super>
<TimeChanged>64491,78758</TimeChanged>
<TimeCreated>63713,59041.044316</TimeCreated>

<Storage name="Default">
<Type>%Library.CacheSerialState</Type>
</Storage>
</Class>


<Class name="HS.Local.SDA3.CodeTableDetail.OrganizationExtension">
<Super>HS.SDA3.CodeTableExtension</Super>
<TimeChanged>64491,78758</TimeChanged>
<TimeCreated>63713,59215.26991</TimeCreated>

<Storage name="Default">
<Type>%Library.CacheSerialState</Type>
</Storage>
</Class>


<Class name="HS.Local.SDA3.CodeTableDetail.PackageSizeUoMExtension">
<Super>HS.SDA3.CodeTableExtension</Super>
<TimeChanged>64491,78758</TimeChanged>
<TimeCreated>63713,59328.883671</TimeCreated>

<Storage name="Default">
<Type>%Library.CacheSerialState</Type>
</Storage>
</Class>


<Class name="HS.Local.SDA3.CodeTableDetail.PastHistoryConditionExtension">
<Super>HS.SDA3.CodeTableExtension</Super>
<TimeChanged>64491,78758</TimeChanged>
<TimeCreated>63713,59438.020184</TimeCreated>

<Storage name="Default">
<Type>%Library.CacheSerialState</Type>
</Storage>
</Class>


<Class name="HS.Local.SDA3.CodeTableDetail.PaymentReasonExtension">
<Super>HS.SDA3.CodeTableExtension</Super>
<TimeChanged>64491,78758</TimeChanged>
<TimeCreated>63713,59547.697779</TimeCreated>

<Storage name="Default">
<Type>%Library.CacheSerialState</Type>
</Storage>
</Class>


<Class name="HS.Local.SDA3.CodeTableDetail.PhysExamExtension">
<Super>HS.SDA3.CodeTableExtension</Super>
<TimeChanged>64491,78758</TimeChanged>
<TimeCreated>63713,59613.808316</TimeCreated>

<Storage name="Default">
<Type>%Library.CacheSerialState</Type>
</Storage>
</Class>


<Class name="HS.Local.SDA3.CodeTableDetail.PhysExamObsExtension">
<Super>HS.SDA3.CodeTableExtension</Super>
<TimeChanged>64491,78758</TimeChanged>
<TimeCreated>63713,59708.867981</TimeCreated>

<Storage name="Default">
<Type>%Library.CacheSerialState</Type>
</Storage>
</Class>


<Class name="HS.Local.SDA3.CodeTableDetail.PhysExamObsQualifierExtension">
<Super>HS.SDA3.CodeTableExtension</Super>
<TimeChanged>64491,78758</TimeChanged>
<TimeCreated>63713,60105.295783</TimeCreated>

<Storage name="Default">
<Type>%Library.CacheSerialState</Type>
</Storage>
</Class>


<Class name="HS.Local.SDA3.CodeTableDetail.PhysExamObsValueExtension">
<Super>HS.SDA3.CodeTableExtension</Super>
<TimeChanged>64491,78758</TimeChanged>
<TimeCreated>63713,60200.914818</TimeCreated>

<Storage name="Default">
<Type>%Library.CacheSerialState</Type>
</Storage>
</Class>


<Class name="HS.Local.SDA3.CodeTableDetail.PriorityExtension">
<Super>HS.SDA3.CodeTableExtension</Super>
<TimeChanged>64491,78758</TimeChanged>
<TimeCreated>63713,60322.875539</TimeCreated>

<Storage name="Default">
<Type>%Library.CacheSerialState</Type>
</Storage>
</Class>


<Class name="HS.Local.SDA3.CodeTableDetail.ProblemCategoryExtension">
<Super>HS.SDA3.CodeTableExtension</Super>
<TimeChanged>64491,78758</TimeChanged>
<TimeCreated>63713,60552.885667</TimeCreated>

<Storage name="Default">
<Type>%Library.CacheSerialState</Type>
</Storage>
</Class>


<Class name="HS.Local.SDA3.CodeTableDetail.ProcedureCodeTypeExtension">
<Super>HS.SDA3.CodeTableExtension</Super>
<TimeChanged>64491,78758</TimeChanged>
<TimeCreated>63713,60686.494228</TimeCreated>

<Storage name="Default">
<Type>%Library.CacheSerialState</Type>
</Storage>
</Class>


<Class name="HS.Local.SDA3.CodeTableDetail.ProcedureExtension">
<Super>HS.SDA3.CodeTableExtension</Super>
<TimeChanged>64491,78758</TimeChanged>
<TimeCreated>63713,60620.908</TimeCreated>

<Parameter name="XMLTYPE">
<Default>ProcedureCodeExtension</Default>
</Parameter>

<Parameter name="XMLNAME">
<Default>ProcedureExtension</Default>
</Parameter>

<Storage name="Default">
<Type>%Library.CacheSerialState</Type>
</Storage>
</Class>


<Class name="HS.Local.SDA3.CodeTableDetail.PublicityCodeExtension">
<Super>HS.SDA3.CodeTableExtension</Super>
<TimeChanged>64491,78758</TimeChanged>
<TimeCreated>63713,60761.904886</TimeCreated>

<Storage name="Default">
<Type>%Library.CacheSerialState</Type>
</Storage>
</Class>


<Class name="HS.Local.SDA3.CodeTableDetail.RaceExtension">
<Super>HS.SDA3.CodeTableExtension</Super>
<TimeChanged>64491,78758</TimeChanged>
<TimeCreated>63713,60839.352581</TimeCreated>

<Storage name="Default">
<Type>%Library.CacheSerialState</Type>
</Storage>
</Class>


<Class name="HS.Local.SDA3.CodeTableDetail.RateUnitsExtension">
<Super>HS.SDA3.CodeTableExtension</Super>
<TimeChanged>64491,78758</TimeChanged>
<TimeCreated>63713,60938.927496</TimeCreated>

<Storage name="Default">
<Type>%Library.CacheSerialState</Type>
</Storage>
</Class>


<Class name="HS.Local.SDA3.CodeTableDetail.ReactionExtension">
<Super>HS.SDA3.CodeTableExtension</Super>
<TimeChanged>64491,78758</TimeChanged>
<TimeCreated>63713,61038.371514</TimeCreated>

<Storage name="Default">
<Type>%Library.CacheSerialState</Type>
</Storage>
</Class>


<Class name="HS.Local.SDA3.CodeTableDetail.ReasonforStudyExtension">
<Super>HS.SDA3.CodeTableExtension</Super>
<TimeChanged>64491,78758</TimeChanged>
<TimeCreated>63713,61131.59061</TimeCreated>

<Storage name="Default">
<Type>%Library.CacheSerialState</Type>
</Storage>
</Class>


<Class name="HS.Local.SDA3.CodeTableDetail.ReferralDoctorExtension">
<Super>HS.SDA3.CodeTableExtension</Super>
<TimeChanged>64491,78758</TimeChanged>
<TimeCreated>63713,61209.554719</TimeCreated>

<Storage name="Default">
<Type>%Library.CacheSerialState</Type>
</Storage>
</Class>


<Class name="HS.Local.SDA3.CodeTableDetail.RefusalReasonExtension">
<Super>HS.SDA3.CodeTableExtension</Super>
<TimeChanged>64491,78758</TimeChanged>
<TimeCreated>63713,61274.712755</TimeCreated>

<Storage name="Default">
<Type>%Library.CacheSerialState</Type>
</Storage>
</Class>


<Class name="HS.Local.SDA3.CodeTableDetail.RelationshipExtension">
<Super>HS.SDA3.CodeTableExtension</Super>
<TimeChanged>64491,78758</TimeChanged>
<TimeCreated>63713,61342.516795</TimeCreated>

<Storage name="Default">
<Type>%Library.CacheSerialState</Type>
</Storage>
</Class>


<Class name="HS.Local.SDA3.CodeTableDetail.ReligionExtension">
<Super>HS.SDA3.CodeTableExtension</Super>
<TimeChanged>64491,78758</TimeChanged>
<TimeCreated>63713,63042.651533</TimeCreated>

<Storage name="Default">
<Type>%Library.CacheSerialState</Type>
</Storage>
</Class>


<Class name="HS.Local.SDA3.CodeTableDetail.RevenueExtension">
<Super>HS.SDA3.CodeTableExtension</Super>
<TimeChanged>64491,78758</TimeChanged>
<TimeCreated>63713,63176.936827</TimeCreated>

<Storage name="Default">
<Type>%Library.CacheSerialState</Type>
</Storage>
</Class>


<Class name="HS.Local.SDA3.CodeTableDetail.RouteExtension">
<Super>HS.SDA3.CodeTableExtension</Super>
<TimeChanged>64491,78758</TimeChanged>
<TimeCreated>63713,63245.298404</TimeCreated>

<Storage name="Default">
<Type>%Library.CacheSerialState</Type>
</Storage>
</Class>


<Class name="HS.Local.SDA3.CodeTableDetail.SeparationModeExtension">
<Super>HS.SDA3.CodeTableExtension</Super>
<TimeChanged>64491,78758</TimeChanged>
<TimeCreated>63713,63345.701729</TimeCreated>

<Storage name="Default">
<Type>%Library.CacheSerialState</Type>
</Storage>
</Class>


<Class name="HS.Local.SDA3.CodeTableDetail.SeverityExtension">
<Super>HS.SDA3.CodeTableExtension</Super>
<TimeChanged>64491,78758</TimeChanged>
<TimeCreated>63713,63414.039783</TimeCreated>

<Storage name="Default">
<Type>%Library.CacheSerialState</Type>
</Storage>
</Class>


<Class name="HS.Local.SDA3.CodeTableDetail.SocialHabitCategoryExtension">
<Super>HS.SDA3.CodeTableExtension</Super>
<TimeChanged>64491,78758</TimeChanged>
<TimeCreated>64260,52591.387756</TimeCreated>

<Storage name="Default">
<Type>%Library.CacheSerialState</Type>
</Storage>
</Class>


<Class name="HS.Local.SDA3.CodeTableDetail.SocialHabitExtension">
<Super>HS.SDA3.CodeTableExtension</Super>
<TimeChanged>64491,78758</TimeChanged>
<TimeCreated>63713,63483.342851</TimeCreated>

<Storage name="Default">
<Type>%Library.CacheSerialState</Type>
</Storage>
</Class>


<Class name="HS.Local.SDA3.CodeTableDetail.SocialHabitQtyExtension">
<Super>HS.SDA3.CodeTableExtension</Super>
<TimeChanged>64491,78758</TimeChanged>
<TimeCreated>63713,63676.416295</TimeCreated>

<Storage name="Default">
<Type>%Library.CacheSerialState</Type>
</Storage>
</Class>


<Class name="HS.Local.SDA3.CodeTableDetail.SpecialCoverageExtension">
<Super>HS.SDA3.CodeTableExtension</Super>
<TimeChanged>64491,78758</TimeChanged>
<TimeCreated>63713,63809.898052</TimeCreated>

<Storage name="Default">
<Type>%Library.CacheSerialState</Type>
</Storage>
</Class>


<Class name="HS.Local.SDA3.CodeTableDetail.SpecimenAdditiveExtension">
<Super>HS.SDA3.CodeTableExtension</Super>
<TimeChanged>64491,78758</TimeChanged>
<TimeCreated>63713,63945.660992</TimeCreated>

<Storage name="Default">
<Type>%Library.CacheSerialState</Type>
</Storage>
</Class>


<Class name="HS.Local.SDA3.CodeTableDetail.SpecimenAppropriatenessExtension">
<Super>HS.SDA3.CodeTableExtension</Super>
<TimeChanged>64491,78758</TimeChanged>
<TimeCreated>63713,64035.588715</TimeCreated>

<Storage name="Default">
<Type>%Library.CacheSerialState</Type>
</Storage>
</Class>


<Class name="HS.Local.SDA3.CodeTableDetail.SpecimenConditionExtension">
<Super>HS.SDA3.CodeTableExtension</Super>
<TimeChanged>64491,78758</TimeChanged>
<TimeCreated>63713,64102.845478</TimeCreated>

<Storage name="Default">
<Type>%Library.CacheSerialState</Type>
</Storage>
</Class>


<Class name="HS.Local.SDA3.CodeTableDetail.SpecimenQualityExtension">
<Super>HS.SDA3.CodeTableExtension</Super>
<TimeChanged>64491,78758</TimeChanged>
<TimeCreated>63713,64239.20435</TimeCreated>

<Storage name="Default">
<Type>%Library.CacheSerialState</Type>
</Storage>
</Class>


<Class name="HS.Local.SDA3.CodeTableDetail.SpecimenRejectReasonExtension">
<Super>HS.SDA3.CodeTableExtension</Super>
<TimeChanged>64491,78758</TimeChanged>
<TimeCreated>63713,64318.683492</TimeCreated>

<Storage name="Default">
<Type>%Library.CacheSerialState</Type>
</Storage>
</Class>


<Class name="HS.Local.SDA3.CodeTableDetail.SpecimenRoleExtension">
<Super>HS.SDA3.CodeTableExtension</Super>
<TimeChanged>64491,78758</TimeChanged>
<TimeCreated>63713,64390.321299</TimeCreated>

<Storage name="Default">
<Type>%Library.CacheSerialState</Type>
</Storage>
</Class>


<Class name="HS.Local.SDA3.CodeTableDetail.SpecimenSourceSiteExtension">
<Super>HS.SDA3.CodeTableExtension</Super>
<TimeChanged>64491,78758</TimeChanged>
<TimeCreated>63713,64455.909079</TimeCreated>

<Storage name="Default">
<Type>%Library.CacheSerialState</Type>
</Storage>
</Class>


<Class name="HS.Local.SDA3.CodeTableDetail.SpecimenSourceSiteModifierExtension">
<Super>HS.SDA3.CodeTableExtension</Super>
<TimeChanged>64491,78758</TimeChanged>
<TimeCreated>63713,64667.169262</TimeCreated>

<Storage name="Default">
<Type>%Library.CacheSerialState</Type>
</Storage>
</Class>


<Class name="HS.Local.SDA3.CodeTableDetail.SpecimenTypeExtension">
<Super>HS.SDA3.CodeTableExtension</Super>
<TimeChanged>64491,78758</TimeChanged>
<TimeCreated>63713,64746.729272</TimeCreated>

<Storage name="Default">
<Type>%Library.CacheSerialState</Type>
</Storage>
</Class>


<Class name="HS.Local.SDA3.CodeTableDetail.SpecimenTypeModifierExtension">
<Super>HS.SDA3.CodeTableExtension</Super>
<TimeChanged>64491,78758</TimeChanged>
<TimeCreated>63714,29860.077519</TimeCreated>

<Storage name="Default">
<Type>%Library.CacheSerialState</Type>
</Storage>
</Class>


<Class name="HS.Local.SDA3.CodeTableDetail.StateExtension">
<Super>HS.SDA3.CodeTableExtension</Super>
<TimeChanged>64491,78758</TimeChanged>
<TimeCreated>63714,33329.864711</TimeCreated>

<Storage name="Default">
<Type>%Library.CacheSerialState</Type>
</Storage>
</Class>


<Class name="HS.Local.SDA3.CodeTableDetail.StrengthExtension">
<Super>HS.SDA3.CodeTableExtension</Super>
<TimeChanged>64491,78758</TimeChanged>
<TimeCreated>63714,29937.066305</TimeCreated>

<Storage name="Default">
<Type>%Library.CacheSerialState</Type>
</Storage>
</Class>


<Class name="HS.Local.SDA3.CodeTableDetail.TrustExtension">
<Super>HS.SDA3.CodeTableExtension</Super>
<TimeChanged>64491,78758</TimeChanged>
<TimeCreated>63714,33410.458195</TimeCreated>

<Storage name="Default">
<Type>%Library.CacheSerialState</Type>
</Storage>
</Class>


<Class name="HS.Local.SDA3.CodeTableDetail.UoMExtension">
<Super>HS.SDA3.CodeTableExtension</Super>
<TimeChanged>64491,78758</TimeChanged>
<TimeCreated>63714,30069.077235</TimeCreated>

<Storage name="Default">
<Type>%Library.CacheSerialState</Type>
</Storage>
</Class>


<Class name="HS.Local.SDA3.CodeTableDetail.UserExtension">
<Super>HS.SDA3.CodeTableExtension</Super>
<TimeChanged>64491,78758</TimeChanged>
<TimeCreated>63714,33494.381613</TimeCreated>

<Storage name="Default">
<Type>%Library.CacheSerialState</Type>
</Storage>
</Class>


<Class name="HS.Local.SDA3.CodeTableDetail.ZipExtension">
<Super>HS.SDA3.CodeTableExtension</Super>
<TimeChanged>64491,78758</TimeChanged>
<TimeCreated>63714,33572.965569</TimeCreated>

<Storage name="Default">
<Type>%Library.CacheSerialState</Type>
</Storage>
</Class>


<Class name="HS.Local.SDA3.ContactInfoExtension">
<Super>HS.SDA3.DataType</Super>
<TimeChanged>64491,78758</TimeChanged>
<TimeCreated>63714,35786.939542</TimeCreated>

<Storage name="Default">
<Type>%Library.CacheSerialState</Type>
</Storage>
</Class>


<Class name="HS.Local.SDA3.DeviceExtension">
<Super>HS.SDA3.DataType</Super>
<TimeChanged>64491,78758</TimeChanged>
<TimeCreated>64260,52466.894611</TimeCreated>

<Storage name="Default">
<Type>%Library.CacheSerialState</Type>
</Storage>
</Class>


<Class name="HS.Local.SDA3.DiagnosisExtension">
<Super>HS.SDA3.DataType</Super>
<TimeChanged>64491,78758</TimeChanged>
<TimeCreated>63714,35852.641815</TimeCreated>

<Parameter name="STREAMLETCLASS">
<Default>HS.SDA3.Streamlet.Diagnosis</Default>
</Parameter>

<Storage name="Default">
<Type>%Library.CacheSerialState</Type>
</Storage>
</Class>


<Class name="HS.Local.SDA3.DocumentExtension">
<Super>HS.SDA3.DataType</Super>
<TimeChanged>64491,78758</TimeChanged>
<TimeCreated>63714,35931.756493</TimeCreated>

<Parameter name="STREAMLETCLASS">
<Default>HS.SDA3.Streamlet.Document</Default>
</Parameter>

<Storage name="Default">
<Type>%Library.CacheSerialState</Type>
</Storage>
</Class>


<Class name="HS.Local.SDA3.DocumentOrganizationExtension">
<Super>HS.SDA3.DataType</Super>
<TimeChanged>64491,78758</TimeChanged>
<TimeCreated>63746,57911.693079</TimeCreated>

<Storage name="Default">
<Type>%Library.CacheSerialState</Type>
</Storage>
</Class>


<Class name="HS.Local.SDA3.DocumentProviderExtension">
<Super>HS.SDA3.DataType</Super>
<TimeChanged>64491,78758</TimeChanged>
<TimeCreated>63746,57911.693079</TimeCreated>

<Storage name="Default">
<Type>%Library.CacheSerialState</Type>
</Storage>
</Class>


<Class name="HS.Local.SDA3.DosageStepExtension">
<Super>HS.SDA3.DataType</Super>
<TimeChanged>64491,78758</TimeChanged>
<TimeCreated>63714,35997.704057</TimeCreated>

<Storage name="Default">
<Type>%Library.CacheSerialState</Type>
</Storage>
</Class>


<Class name="HS.Local.SDA3.EncounterExtension">
<Super>HS.SDA3.DataType</Super>
<TimeChanged>64491,78758</TimeChanged>
<TimeCreated>63714,36108.731378</TimeCreated>

<Parameter name="STREAMLETCLASS">
<Default>HS.SDA3.Streamlet.Encounter</Default>
</Parameter>

<Storage name="Default">
<Type>%Library.CacheSerialState</Type>
</Storage>
</Class>


<Class name="HS.Local.SDA3.FamilyHistoryExtension">
<Super>HS.SDA3.DataType</Super>
<TimeChanged>64491,78758</TimeChanged>
<TimeCreated>63714,36168.113178</TimeCreated>

<Parameter name="STREAMLETCLASS">
<Default>HS.SDA3.Streamlet.FamilyHistory</Default>
</Parameter>

<Storage name="Default">
<Type>%Library.CacheSerialState</Type>
</Storage>
</Class>


<Class name="HS.Local.SDA3.GoalExtension">
<Super>HS.SDA3.DataType</Super>
<TimeChanged>64491,78758</TimeChanged>
<TimeCreated>64261,37048.741267</TimeCreated>

<Parameter name="STREAMLETCLASS">
<Default>HS.SDA3.Streamlet.Goal</Default>
</Parameter>

<Storage name="Default">
<Type>%Library.CacheSerialState</Type>
</Storage>
</Class>


<Class name="HS.Local.SDA3.GuarantorExtension">
<Super>HS.SDA3.DataType</Super>
<TimeChanged>64491,78758</TimeChanged>
<TimeCreated>63714,36731.325321</TimeCreated>

<Storage name="Default">
<Type>%Library.CacheSerialState</Type>
</Storage>
</Class>


<Class name="HS.Local.SDA3.HealthConcernExtension">
<Super>HS.SDA3.DataType</Super>
<TimeChanged>64491,78758</TimeChanged>
<TimeCreated>64260,52924.233724</TimeCreated>

<Parameter name="STREAMLETCLASS">
<Default>HS.SDA3.Streamlet.HealthConcern</Default>
</Parameter>

<Storage name="Default">
<Type>%Library.CacheSerialState</Type>
</Storage>
</Class>


<Class name="HS.Local.SDA3.HealthFundExtension">
<Super>HS.SDA3.DataType</Super>
<TimeChanged>64827,22567</TimeChanged>
<TimeCreated>63714,36791.503376</TimeCreated>

<Property name="ReimbursableFlag">
<Type>%String</Type>
</Property>

<Storage name="Default">
<Type>%Library.CacheSerialState</Type>
<State>HealthFundExtensionState</State>
<Data name="HealthFundExtensionState">
<Subscript>"HealthFundExtension"</Subscript>
<Value name="1">
<Value>ReimbursableFlag</Value>
</Value>
</Data>
</Storage>

<Parameter name="SrcVer">
<Description>
This Parameter is updated by Perforce</Description>
<Default>$Id: //trak/main/DEV/cls/HS/Local/SDA3/HealthFundExtension.xml#1 $</Default>
</Parameter>
</Class>


<Class name="HS.Local.SDA3.IllnessHistoryExtension">
<Super>HS.SDA3.DataType</Super>
<TimeChanged>64491,78758</TimeChanged>
<TimeCreated>63714,36854.532119</TimeCreated>

<Parameter name="STREAMLETCLASS">
<Default>HS.SDA3.Streamlet.IllnessHistory</Default>
</Parameter>

<Storage name="Default">
<Type>%Library.CacheSerialState</Type>
</Storage>
</Class>


<Class name="HS.Local.SDA3.InterventionExtension">
<StorageStrategy/>
<Super>HS.SDA3.DataType</Super>
<TimeChanged>64491,78758</TimeChanged>
<TimeCreated>64261,37662.396232</TimeCreated>

<Storage name="Default">
<Type>%Library.CacheSerialState</Type>
</Storage>
</Class>


<Class name="HS.Local.SDA3.LabOrderExtension">
<Super>HS.SDA3.DataType</Super>
<TimeChanged>64491,78758</TimeChanged>
<TimeCreated>63714,36945.727113</TimeCreated>

<Parameter name="STREAMLETCLASS">
<Default>HS.SDA3.Streamlet.LabOrder</Default>
</Parameter>

<Storage name="Default">
<Type>%Library.CacheSerialState</Type>
</Storage>
</Class>


<Class name="HS.Local.SDA3.LabResultItemExtension">
<Super>HS.SDA3.DataType</Super>
<TimeChanged>64491,78758</TimeChanged>
<TimeCreated>63714,37507.392209</TimeCreated>

<Storage name="Default">
<Type>%Library.CacheSerialState</Type>
</Storage>
</Class>


<Class name="HS.Local.SDA3.MedicalClaimExtension">
<Super>HS.SDA3.DataType</Super>
<TimeChanged>64491,78758</TimeChanged>
<TimeCreated>63714,37583.30247</TimeCreated>

<Parameter name="STREAMLETCLASS">
<Default>HS.SDA3.Streamlet.MedicalClaim</Default>
</Parameter>

<Storage name="Default">
<Type>%Library.CacheSerialState</Type>
</Storage>
</Class>


<Class name="HS.Local.SDA3.MedicalClaimLineExtension">
<Super>HS.SDA3.DataType</Super>
<TimeChanged>64491,78758</TimeChanged>
<TimeCreated>63714,37640.506499</TimeCreated>

<Storage name="Default">
<Type>%Library.CacheSerialState</Type>
</Storage>
</Class>


<Class name="HS.Local.SDA3.MedicationExtension">
<Super>HS.SDA3.DataType</Super>
<TimeChanged>64491,78758</TimeChanged>
<TimeCreated>63714,37721.79201</TimeCreated>

<Parameter name="STREAMLETCLASS">
<Default>HS.SDA3.Streamlet.Medication</Default>
</Parameter>

<Storage name="Default">
<Type>%Library.CacheSerialState</Type>
</Storage>
</Class>


<Class name="HS.Local.SDA3.MemberEnrollmentExtension">
<Super>HS.SDA3.DataType</Super>
<TimeChanged>64491,78758</TimeChanged>
<TimeCreated>63714,37786.93547</TimeCreated>

<Parameter name="STREAMLETCLASS">
<Default>HS.SDA3.Streamlet.MemberEnrollment</Default>
</Parameter>

<Storage name="Default">
<Type>%Library.CacheSerialState</Type>
</Storage>
</Class>


<Class name="HS.Local.SDA3.NameExtension">
<Super>HS.SDA3.DataType</Super>
<TimeChanged>64491,78758</TimeChanged>
<TimeCreated>63714,37849.503706</TimeCreated>

<Storage name="Default">
<Type>%Library.CacheSerialState</Type>
</Storage>
</Class>


<Class name="HS.Local.SDA3.ObservationExtension">
<Super>HS.SDA3.DataType</Super>
<TimeChanged>64491,78758</TimeChanged>
<TimeCreated>63714,37916.564885</TimeCreated>

<Parameter name="STREAMLETCLASS">
<Default>HS.SDA3.Streamlet.Observation</Default>
</Parameter>

<Storage name="Default">
<Type>%Library.CacheSerialState</Type>
</Storage>
</Class>


<Class name="HS.Local.SDA3.OtherOrderExtension">
<Super>HS.SDA3.DataType</Super>
<TimeChanged>64491,78758</TimeChanged>
<TimeCreated>63714,37972.651699</TimeCreated>

<Parameter name="STREAMLETCLASS">
<Default>HS.SDA3.Streamlet.OtherOrder</Default>
</Parameter>

<Storage name="Default">
<Type>%Library.CacheSerialState</Type>
</Storage>
</Class>


<Class name="HS.Local.SDA3.OutcomeExtension">
<Super>HS.SDA3.DataType</Super>
<TimeChanged>64491,78758</TimeChanged>
<TimeCreated>64261,37929.156978</TimeCreated>

<Storage name="Default">
<Type>%Library.CacheSerialState</Type>
</Storage>
</Class>


<Class name="HS.Local.SDA3.PatientExtension">
<Super>HS.SDA3.DataType</Super>
<TimeChanged>64491,78758</TimeChanged>
<TimeCreated>63714,38030.974893</TimeCreated>

<Parameter name="STREAMLETCLASS">
<Default>HS.SDA3.Streamlet.Patient</Default>
</Parameter>

<Storage name="Default">
<Type>%Library.CacheSerialState</Type>
</Storage>
</Class>


<Class name="HS.Local.SDA3.PatientLanguageExtension">
<Super>HS.SDA3.DataType</Super>
<TimeChanged>64491,78758</TimeChanged>
<TimeCreated>63714,38080.541964</TimeCreated>

<Storage name="Default">
<Type>%Library.CacheSerialState</Type>
</Storage>
</Class>


<Class name="HS.Local.SDA3.PatientNumberExtension">
<Super>HS.SDA3.DataType</Super>
<TimeChanged>64491,78758</TimeChanged>
<TimeCreated>63714,38145.490857</TimeCreated>

<Storage name="Default">
<Type>%Library.CacheSerialState</Type>
</Storage>
</Class>


<Class name="HS.Local.SDA3.PhysicalExamExtension">
<Super>HS.SDA3.DataType</Super>
<TimeChanged>64491,78758</TimeChanged>
<TimeCreated>63714,38210.35771</TimeCreated>

<Parameter name="STREAMLETCLASS">
<Default>HS.SDA3.Streamlet.PhysicalExam</Default>
</Parameter>

<Storage name="Default">
<Type>%Library.CacheSerialState</Type>
</Storage>
</Class>


<Class name="HS.Local.SDA3.PriorCodeExtension">
<Super>HS.SDA3.DataType</Super>
<TimeChanged>64491,78758</TimeChanged>
<TimeCreated>63714,39018.924628</TimeCreated>

<Storage name="Default">
<Type>%Library.CacheSerialState</Type>
</Storage>
</Class>


<Class name="HS.Local.SDA3.ProblemExtension">
<Super>HS.SDA3.DataType</Super>
<TimeChanged>64491,78758</TimeChanged>
<TimeCreated>63714,38299.757668</TimeCreated>

<Parameter name="STREAMLETCLASS">
<Default>HS.SDA3.Streamlet.Problem</Default>
</Parameter>

<Storage name="Default">
<Type>%Library.CacheSerialState</Type>
</Storage>
</Class>


<Class name="HS.Local.SDA3.ProcedureExtension">
<Super>HS.SDA3.DataType</Super>
<TimeChanged>64491,78758</TimeChanged>
<TimeCreated>63714,38398.224541</TimeCreated>

<Parameter name="STREAMLETCLASS">
<Default>HS.SDA3.Streamlet.Procedure</Default>
</Parameter>

<Storage name="Default">
<Type>%Library.CacheSerialState</Type>
</Storage>
</Class>


<Class name="HS.Local.SDA3.RadOrderExtension">
<Super>HS.SDA3.DataType</Super>
<TimeChanged>64491,78758</TimeChanged>
<TimeCreated>63714,38491.457338</TimeCreated>

<Parameter name="STREAMLETCLASS">
<Default>HS.SDA3.Streamlet.RadOrder</Default>
</Parameter>

<Storage name="Default">
<Type>%Library.CacheSerialState</Type>
</Storage>
</Class>


<Class name="HS.Local.SDA3.RecommendationExtension">
<Super>HS.SDA3.DataType</Super>
<TimeChanged>64491,78758</TimeChanged>
<TimeCreated>63714,38549.733436</TimeCreated>

<Storage name="Default">
<Type>%Library.CacheSerialState</Type>
</Storage>
</Class>


<Class name="HS.Local.SDA3.ReferralExtension">
<Super>HS.SDA3.DataType</Super>
<TimeChanged>64491,78758</TimeChanged>
<TimeCreated>63714,38609.089058</TimeCreated>

<Parameter name="STREAMLETCLASS">
<Default>HS.SDA3.Streamlet.Referral</Default>
</Parameter>

<Storage name="Default">
<Type>%Library.CacheSerialState</Type>
</Storage>
</Class>


<Class name="HS.Local.SDA3.ResultExtension">
<Super>HS.SDA3.DataType</Super>
<TimeChanged>64491,78758</TimeChanged>
<TimeCreated>63714,38676.192378</TimeCreated>

<Storage name="Default">
<Type>%Library.CacheSerialState</Type>
</Storage>
</Class>


<Class name="HS.Local.SDA3.SocialHistoryExtension">
<Super>HS.SDA3.DataType</Super>
<TimeChanged>64491,78758</TimeChanged>
<TimeCreated>63714,38733.098813</TimeCreated>

<Parameter name="STREAMLETCLASS">
<Default>HS.SDA3.Streamlet.SocialHistory</Default>
</Parameter>

<Storage name="Default">
<Type>%Library.CacheSerialState</Type>
</Storage>
</Class>


<Class name="HS.Local.SDA3.SpecimenExtension">
<Super>HS.SDA3.DataType</Super>
<TimeChanged>64491,78758</TimeChanged>
<TimeCreated>63714,38795.663392</TimeCreated>

<Storage name="Default">
<Type>%Library.CacheSerialState</Type>
</Storage>
</Class>


<Class name="HS.Local.SDA3.SupportContactExtension">
<Super>HS.SDA3.DataType</Super>
<TimeChanged>64491,78758</TimeChanged>
<TimeCreated>63714,38857.092004</TimeCreated>

<Storage name="Default">
<Type>%Library.CacheSerialState</Type>
</Storage>
</Class>


<Class name="HS.Local.SDA3.VaccinationExtension">
<Super>HS.SDA3.DataType</Super>
<TimeChanged>64491,78758</TimeChanged>
<TimeCreated>63714,38923.383414</TimeCreated>

<Parameter name="STREAMLETCLASS">
<Default>HS.SDA3.Streamlet.Vaccination</Default>
</Parameter>

<Storage name="Default">
<Type>%Library.CacheSerialState</Type>
</Storage>
</Class>
</Export>
