<?xml version="1.0" encoding="UTF-8"?>
<Export generator="Cache" version="25" zv="Cache for UNIX (Red Hat Enterprise Linux for x86-64) 2017.2.2 (Build 865_3_20147U)" ts="2020-12-01 11:24:16">
<Class name="CCRA.Metric.ConfigItem">
<Super>%Persistent,%XML.Adaptor</Super>
<TimeChanged>65434,33464.170195</TimeChanged>
<TimeCreated>65433,45259.105157</TimeCreated>

<Property name="Name">
<Type>%String</Type>
<Parameter name="MAXLEN"/>
</Property>

<Property name="InstanceName">
<Type>%String</Type>
<Parameter name="MAXLEN"/>
</Property>

<Property name="Namespace">
<Type>%String</Type>
<Parameter name="MAXLEN"/>
</Property>

<Property name="Production">
<Type>%String</Type>
<Parameter name="MAXLEN"/>
</Property>

<Property name="MetriclyElementId">
<Type>%String</Type>
<Parameter name="MAXLEN"/>
</Property>

<Property name="MetriclyElementName">
<Type>%String</Type>
<Parameter name="MAXLEN"/>
</Property>

<Property name="MetriclyElementType">
<Type>%String</Type>
<Parameter name="MAXLEN"/>
</Property>

<Property name="SourceConfigName">
<Type>%String</Type>
<Parameter name="MAXLEN"/>
</Property>

<Property name="TargetConfigName">
<Type>%String</Type>
<Parameter name="MAXLEN"/>
</Property>

<Property name="ErrorSourceConfigName">
<Type>%String</Type>
<Parameter name="MAXLEN"/>
</Property>

<Property name="MetricStartTime">
<Type>%String</Type>
<Transient>1</Transient>
</Property>

<Property name="MetricEndTime">
<Type>%String</Type>
<Transient>1</Transient>
</Property>

<Property name="Metrics">
<Type>CCRA.Metric.Metric</Type>
<Cardinality>many</Cardinality>
<Inverse>ConfigItem</Inverse>
<Relationship>1</Relationship>
</Property>

<Method name="LoadConfigItems">
<ClassMethod>1</ClassMethod>
<ReturnType>%Status</ReturnType>
<Implementation><![CDATA[
	
	#dim tSC As %Status = $$$OK
	#dim e As %Exception.AbstractException
	
	try {
	
		$$$ThrowOnError(##class(CCRA.Metric.Metric).%DeleteExtent())
		$$$ThrowOnError(..%DeleteExtent())
		
		//zn "VAHCVISTA"
		
		set tInstance = ##class(%SYS.System).GetInstanceName()
		if tInstance = "VAHSRM001" {
			$$$ThrowOnError(..LoadHMFGatewayHVSAConfigItems())
		} elseif tInstance = "VAHSIE001" {
			$$$ThrowOnError(..LoadAGWCCRAINTConfigItems())
		} elseif tInstance = "VAHSAGW001" {
			$$$ThrowOnError(..LoadAGWCCRAINTConfigItems())
		} elseif tInstance = "VAHSEDGE001" {
			$$$ThrowOnError(..LoadEdgeConfigItems())
		} elseif tInstance = "VAHCDVR1" {
			$$$ThrowOnError(..LoadRDCConfigItems())
		} elseif tInstance = "VAHCPHC5" {
			$$$ThrowOnError(..LoadRDCConfigItems())
		}
		
		w !, "Configuration Items for HS Instance: ",tInstance," completed.",!
		
	} catch e {
	
		set tSC = e.AsStatus()
		
	}
	
	quit tSC
]]></Implementation>
</Method>

<Method name="LoadOneConfigItem">
<ClassMethod>1</ClassMethod>
<FormalSpec>pInstanceName:%String,pName:%String,pNamespace:%String,pProduction:%String,pElementId:%String,pElementType:%String,pSource:%String,pTarget:%String,pErrorSource:%String,pMetricList:%String</FormalSpec>
<ReturnType>%Status</ReturnType>
<Implementation><![CDATA[
	
	#dim tSC As %Status = $$$OK
	#dim e As %Exception.AbstractException
	
	try {
			
		//Does Configuration Item Exist?
		&sql(SELECT ID INTO :tID 
				FROM CCRA_Metric.ConfigItem
				WHERE InstanceName = :pInstanceName and Name = :pName)
				
		if SQLCODE = 0 {
			$$$ThrowOnError(..UpdateConfigItem(tID,pInstanceName,pName,pNamespace,pProduction,pElementId,pElementType,pSource,pTarget,pErrorSource,pMetricList))
		} elseif SQLCODE = 100{
			$$$ThrowOnError(..NewConfigItem(pInstanceName,pName,pNamespace,pProduction,pElementId,pElementType,pSource,pTarget,pErrorSource,pMetricList))
		}
		

	} catch e {
	
		set tSC = e.AsStatus()
		
	}
	
	quit tSC
]]></Implementation>
</Method>

<Method name="NewConfigItem">
<ClassMethod>1</ClassMethod>
<FormalSpec>pInstanceName:%String,pName:%String,pNamespace:%String,pProduction:%String,pElementId:%String,pElementType:%String,pSource:%String,pTarget:%String,pErrorSource:%String,pMetricList:%String</FormalSpec>
<ReturnType>%Status</ReturnType>
<Implementation><![CDATA[
	#dim tSC As %Status = $$$OK
	#dim e As %Exception.AbstractException
	
	try {

		//Configuration Item
		set tConfigItem = ##class(CCRA.Metric.ConfigItem).%New()
		set tConfigItem.InstanceName = pInstanceName
		set tConfigItem.Name = pName
		set tConfigItem.Namespace = pNamespace
		set tConfigItem.Production = pProduction
		set tConfigItem.MetriclyElementId = pElementId
		set tConfigItem.MetriclyElementName = pName
		set tConfigItem.MetriclyElementType = pElementType
		set tConfigItem.SourceConfigName = pSource
		set tConfigItem.TargetConfigName = pTarget
		set tConfigItem.ErrorSourceConfigName = pErrorSource
		
		$$$ThrowOnError(tConfigItem.SaveMetrics(pMetricList, tConfigItem))		
		$$$ThrowOnError(tConfigItem.%Save())
	
	} catch e {
	
		set tSC = e.AsStatus()
	
	}
	
	quit tSC
]]></Implementation>
</Method>

<Method name="UpdateConfigItem">
<ClassMethod>1</ClassMethod>
<FormalSpec>pID:%String,pInstanceName:%String,pName:%String,pNamespace:%String,pProduction:%String,pElementId:%String,pElementType:%String,pSource:%String,pTarget:%String,pErrorSource:%String,pMetricList</FormalSpec>
<ReturnType>%Status</ReturnType>
<Implementation><![CDATA[
	#dim tSC As %Status = $$$OK
	#dim e As %Exception.AbstractException
	
	try {

		//Configuration Item
		set tConfigItem = ##class(CCRA.Metric.ConfigItem).%OpenId(pID)
		set tConfigItem.InstanceName = pInstanceName
		set tConfigItem.Name = pName
		set tConfigItem.Namespace = pNamespace
		set tConfigItem.Production = pProduction
		set tConfigItem.MetriclyElementId = pElementId
		set tConfigItem.MetriclyElementName = pName
		set tConfigItem.MetriclyElementType = pElementType
		set tConfigItem.SourceConfigName = pSource
		set tConfigItem.TargetConfigName = pTarget
		set tConfigItem.ErrorSourceConfigName = pErrorSource
		
		d tConfigItem.Metrics.Clear()
		
		$$$ThrowOnError(tConfigItem.SaveMetrics(pMetricList,tConfigItem))		
		$$$ThrowOnError(tConfigItem.%Save())
	
	} catch e {
	
		set tSC = e.AsStatus()
	
	}
	
	quit tSC
]]></Implementation>
</Method>

<Method name="SaveMetrics">
<FormalSpec>pMetricList:%String,pConfigItem:CCRA.Metric.ConfigItem</FormalSpec>
<ReturnType>%Status</ReturnType>
<Implementation><![CDATA[
	#dim tSC As %String = $$$OK
	#dim e As %Exception.AbstractException
	
	try {

		set tMetricCnt = $L(pMetricList,",")
		for i=1:1:tMetricCnt {
		
			set tMetricName = $p(pMetricList,",",i)
			if tMetricName = "QueueCount" {
				set tQueueCntMetric = ##class(CCRA.Metric.QueueCount).%New()
				set tQueueCntMetric.Name = "Queue Count"
				set tQueueCntMetric.MetricId = "queuecount"
				set tQueueCntMetric.ConfigItem = pConfigItem
			} elseif tMetricName = "MessageCount" {
				set tMsgCntMetric = ##class(CCRA.Metric.MessageCount).%New()
				set tMsgCntMetric.Name = "Message Count"
				set tMsgCntMetric.MetricId = "msgcount"
				set tMsgCntMetric.ConfigItem = pConfigItem
			} elseif tMetricName = "ErrorCount" {
				set tErrCntMetric = ##class(CCRA.Metric.ErrorCount).%New()
				set tErrCntMetric.Name = "Error Count"
				set tErrCntMetric.MetricId = "errcount"
				set tErrCntMetric.ConfigItem = pConfigItem
			}
		
		}
	
	} catch e {
	
		set tSC = e.AsStatus()
		
	}
	
	quit tSC
]]></Implementation>
</Method>

<Method name="LoadHMFGatewayHVSAConfigItems">
<ClassMethod>1</ClassMethod>
<ReturnType>%String</ReturnType>
<Implementation><![CDATA[
	#dim tSC As %String = $$$OK
	#dim e As %Exception.AbstractException
	
	try {
	
		&sql(DELETE FROM CCRA_Metric.ConfigItem
				WHERE InstanceName = 'VAHSRM001'
					AND Production = 'Custom.HMF.USRM.Gateway.HSVA.Production')

		//HSRM - HMF Gateway HSVA
		set tInstanceName = "VAHSRM001"
		//REFIN.Operation.Inbound.HL7
		set tName = "REFIN.Operation.Inbound.HL7"
		set tNamespace = "HMFUSRMGATEWAY_HSVA"
		set tProduction = "Custom.HMF.USRM.Gateway.HSVA.Production"
		set tElementId = "prod-hsrm-hmfgatewayhsva-oper-refin"
		set tElementType = "Interface - SOAP - Client"
		set tSourceConfigName = "REFIN.Process.Inbound.HL7"
		set tTargetConfigName = "REFIN.Operation.Inbound.HL7"
		set tErrorSourceConfigName = "REFIN.Operation.Inbound.HL7"
		set tMetricList = "QueueCount,MessageCount,ErrorCount"
		$$$ThrowOnError(..NewConfigItem(tInstanceName,tName,tNamespace,tProduction,tElementId,tElementType,tSourceConfigName,tTargetConfigName,tErrorSourceConfigName,tMetricList))
		
		//REFIN02.Operation.Inbound.HL7
		set tName = "REFIN02.Operation.Inbound.HL7"
		set tNamespace = "HMFUSRMGATEWAY_HSVA"
		set tProduction = "Custom.HMF.USRM.Gateway.HSVA.Production"
		set tElementId = "prod-hsrm-hmfgatewayhsva-oper-refin02"
		set tElementType = "Interface - SOAP - Client"
		set tSourceConfigName = "REFIN02.Process.Inbound.HL7"
		set tTargetConfigName = "REFIN02.Operation.Inbound.HL7"
		set tErrorSourceConfigName = "REFIN02.Operation.Inbound.HL7"
		set tMetricList = "QueueCount,MessageCount,ErrorCount"		
		$$$ThrowOnError(..NewConfigItem(tInstanceName,tName,tNamespace,tProduction,tElementId,tElementType,tSourceConfigName,tTargetConfigName,tErrorSourceConfigName,tMetricList))

		//REFIN03.Operation.Inbound.HL7
		set tName = "REFIN03.Operation.Inbound.HL7"
		set tNamespace = "HMFUSRMGATEWAY_HSVA"
		set tProduction = "Custom.HMF.USRM.Gateway.HSVA.Production"
		set tElementId = "prod-hsrm-hmfgatewayhsva-oper-refin03"
		set tElementType = "Interface - SOAP - Client"
		set tSourceConfigName = "REFIN03.Process.Inbound.HL7"
		set tTargetConfigName = "REFIN03.Operation.Inbound.HL7"
		set tErrorSourceConfigName = "REFIN03.Operation.Inbound.HL7"
		set tMetricList = "QueueCount,MessageCount,ErrorCount"				
		$$$ThrowOnError(..NewConfigItem(tInstanceName,tName,tNamespace,tProduction,tElementId,tElementType,tSourceConfigName,tTargetConfigName,tErrorSourceConfigName,tMetricList))

		//REFIN04.Operation.Inbound.HL7
		set tName = "REFIN04.Operation.Inbound.HL7"
		set tNamespace = "HMFUSRMGATEWAY_HSVA"
		set tProduction = "Custom.HMF.USRM.Gateway.HSVA.Production"
		set tElementId = "prod-hsrm-hmfgatewayhsva-oper-refin04"
		set tElementType = "Interface - SOAP - Client"
		set tSourceConfigName = "REFIN04.Process.Inbound.HL7"
		set tTargetConfigName = "REFIN04.Operation.Inbound.HL7"
		set tErrorSourceConfigName = "REFIN04.Operation.Inbound.HL7"
		set tMetricList = "QueueCount,MessageCount,ErrorCount"				
		$$$ThrowOnError(..NewConfigItem(tInstanceName,tName,tNamespace,tProduction,tElementId,tElementType,tSourceConfigName,tTargetConfigName,tErrorSourceConfigName,tMetricList))

		//REFIN05.Operation.Inbound.HL7
		set tName = "REFIN05.Operation.Inbound.HL7"
		set tNamespace = "HMFUSRMGATEWAY_HSVA"
		set tProduction = "Custom.HMF.USRM.Gateway.HSVA.Production"
		set tElementId = "prod-hsrm-hmfgatewayhsva-oper-refin05"
		set tElementType = "Interface - SOAP - Client"
		set tSourceConfigName = "REFIN05.Process.Inbound.HL7"
		set tTargetConfigName = "REFIN05.Operation.Inbound.HL7"
		set tErrorSourceConfigName = "REFIN05.Operation.Inbound.HL7"
		set tMetricList = "QueueCount,MessageCount,ErrorCount"				
		$$$ThrowOnError(..NewConfigItem(tInstanceName,tName,tNamespace,tProduction,tElementId,tElementType,tSourceConfigName,tTargetConfigName,tErrorSourceConfigName,tMetricList))

		//REFIN.Service.Inbound.HL7
		set tName = "REFIN.Service.Inbound.HL7"
		set tNamespace = "HMFUSRMGATEWAY_HSVA"
		set tProduction = "Custom.HMF.USRM.Gateway.HSVA.Production"
		set tElementId = "prod-hsrm-hmfgatewayhsva-svc-refin"
		set tElementType = "Interface - HL7 - Inbound"
		set tSourceConfigName = "Custom.HMF.USRM.Gateway.HSVA.REFIN.Service.Inbound.HL7"
		set tTargetConfigName = "REFIN.Process.Inbound.HL7"
		set tErrorSourceConfigName = "Custom.HMF.USRM.Gateway.HSVA.REFIN.Service.Inbound.HL7"
		set tMetricList = "MessageCount,ErrorCount"				
		$$$ThrowOnError(..NewConfigItem(tInstanceName,tName,tNamespace,tProduction,tElementId,tElementType,tSourceConfigName,tTargetConfigName,tErrorSourceConfigName,tMetricList))

		//REFIN02.Service.Inbound.HL7
		set tName = "REFIN02.Service.Inbound.HL7"
		set tNamespace = "HMFUSRMGATEWAY_HSVA"
		set tProduction = "Custom.HMF.USRM.Gateway.HSVA.Production"
		set tElementId = "prod-hsrm-hmfgatewayhsva-svc-refin02"
		set tElementType = "Interface - HL7 - Inbound"
		set tSourceConfigName = "Custom.HMF.USRM.Gateway.HSVA.REFIN02.Service.Inbound.HL7"
		set tTargetConfigName = "REFIN02.Process.Inbound.HL7"
		set tErrorSourceConfigName = "Custom.HMF.USRM.Gateway.HSVA.REFIN02.Service.Inbound.HL7"
		set tMetricList = "MessageCount,ErrorCount"				
		$$$ThrowOnError(..NewConfigItem(tInstanceName,tName,tNamespace,tProduction,tElementId,tElementType,tSourceConfigName,tTargetConfigName,tErrorSourceConfigName,tMetricList))

		//REFIN03.Service.Inbound.HL7
		set tName = "REFIN03.Service.Inbound.HL7"
		set tNamespace = "HMFUSRMGATEWAY_HSVA"
		set tProduction = "Custom.HMF.USRM.Gateway.HSVA.Production"
		set tElementId = "prod-hsrm-hmfgatewayhsva-svc-refin03"
		set tElementType = "Interface - HL7 - Inbound"
		set tSourceConfigName = "Custom.HMF.USRM.Gateway.HSVA.REFIN03.Service.Inbound.HL7"
		set tTargetConfigName = "REFIN03.Process.Inbound.HL7"
		set tErrorSourceConfigName = "Custom.HMF.USRM.Gateway.HSVA.REFIN03.Service.Inbound.HL7"
		set tMetricList = "MessageCount,ErrorCount"				
		$$$ThrowOnError(..NewConfigItem(tInstanceName,tName,tNamespace,tProduction,tElementId,tElementType,tSourceConfigName,tTargetConfigName,tErrorSourceConfigName,tMetricList))

		//REFIN04.Service.Inbound.HL7
		set tName = "REFIN04.Service.Inbound.HL7"
		set tNamespace = "HMFUSRMGATEWAY_HSVA"
		set tProduction = "Custom.HMF.USRM.Gateway.HSVA.Production"
		set tElementId = "prod-hsrm-hmfgatewayhsva-svc-refin04"
		set tElementType = "Interface - HL7 - Inbound"
		set tSourceConfigName = "Custom.HMF.USRM.Gateway.HSVA.REFIN04.Service.Inbound.HL7"
		set tTargetConfigName = "REFIN04.Process.Inbound.HL7"
		set tErrorSourceConfigName = "Custom.HMF.USRM.Gateway.HSVA.REFIN04.Service.Inbound.HL7"
		set tMetricList = "MessageCount,ErrorCount"				
		$$$ThrowOnError(..NewConfigItem(tInstanceName,tName,tNamespace,tProduction,tElementId,tElementType,tSourceConfigName,tTargetConfigName,tErrorSourceConfigName,tMetricList))

		//REFIN05.Service.Inbound.HL7
		set tName = "REFIN05.Service.Inbound.HL7"
		set tNamespace = "HMFUSRMGATEWAY_HSVA"
		set tProduction = "Custom.HMF.USRM.Gateway.HSVA.Production"
		set tElementId = "prod-hsrm-hmfgatewayhsva-svc-refin05"
		set tElementType = "Interface - HL7 - Inbound"
		set tSourceConfigName = "Custom.HMF.USRM.Gateway.HSVA.REFIN05.Service.Inbound.HL7"
		set tTargetConfigName = "REFIN05.Process.Inbound.HL7"
		set tErrorSourceConfigName = "Custom.HMF.USRM.Gateway.HSVA.REFIN05.Service.Inbound.HL7"
		set tMetricList = "MessageCount,ErrorCount"				
		$$$ThrowOnError(..NewConfigItem(tInstanceName,tName,tNamespace,tProduction,tElementId,tElementType,tSourceConfigName,tTargetConfigName,tErrorSourceConfigName,tMetricList))

	
	} catch e {
	
		set tSC = e.AsStatus()
		
	}
	
	quit tSC
]]></Implementation>
</Method>

<Method name="LoadAGWCCRAINTConfigItems">
<ClassMethod>1</ClassMethod>
<ReturnType>%String</ReturnType>
<Implementation><![CDATA[
	#dim tSC As %String = $$$OK
	#dim e As %Exception.AbstractException
	
	try {
	
		&sql(DELETE FROM CCRA_Metric.ConfigItem
				WHERE (InstanceName = 'VAHSAGW001' OR InstanceName = 'VAHSIE001')
					AND Production = 'CCRAINTPKG.AccessGatewayProduction')

		//HSRM - HMF Gateway HSVA
		set tInstanceName = "VAHSAGW001"
		
		//eCAMS.Operation.ReferralDocumentToeCAMS
		set tName = "eCAMS.Operation.ReferralDocumentToeCAMS"
		set tNamespace = "CCRAINT"
		set tProduction = "CCRAINTPKG.AccessGatewayProduction"
		set tElementId = "prod-hsagw-agproduction-oper-toecams"
		set tElementType = "Interface - REST - Client"
		set tSourceConfigName = "eCAMS.Process.RTReferrals"
		set tTargetConfigName = "eCAMS.Operation.ReferralDocumentToeCAMS"
		set tErrorSourceConfigName = "eCAMS.Operation.ReferralDocumentToeCAMS"
		set tMetricList = "QueueCount,MessageCount,ErrorCount"
		$$$ThrowOnError(..NewConfigItem(tInstanceName,tName,tNamespace,tProduction,tElementId,tElementType,tSourceConfigName,tTargetConfigName,tErrorSourceConfigName,tMetricList))
		
		//DAS.Operation.OptumReferralNotification
		set tName = "DAS.Operation.OptumReferralNotification"
		set tNamespace = "CCRAINT"
		set tProduction = "CCRAINTPKG.AccessGatewayProduction"
		set tElementId = "prod-hsagw-agproduction-oper-das-optum"
		set tElementType = "Interface - REST - Client"
		set tSourceConfigName = "DAS.Process.RTProcess"
		set tTargetConfigName = "DAS.Operation.OptumReferralNotification"
		set tErrorSourceConfigName = "DAS.Operation.OptumReferralNotification"
		set tMetricList = "QueueCount,MessageCount,ErrorCount"		
		$$$ThrowOnError(..NewConfigItem(tInstanceName,tName,tNamespace,tProduction,tElementId,tElementType,tSourceConfigName,tTargetConfigName,tErrorSourceConfigName,tMetricList))

		//Optum.Process.ReferralSave
		set tName = "Optum.Process.ReferralSave"
		set tNamespace = "CCRAINT"
		set tProduction = "CCRAINTPKG.AccessGatewayProduction"
		set tElementId = "prod-hsagw-agproduction-proc-optum-referralsave"
		set tElementType = "Interface - Process"
		set tSourceConfigName = "RealTime.Process.RouteToNetwork"
		set tTargetConfigName = "Optum.Process.ReferralSave"
		set tErrorSourceConfigName = "Optum.Process.ReferralSave"
		set tMetricList = "QueueCount,MessageCount,ErrorCount"		
		$$$ThrowOnError(..NewConfigItem(tInstanceName,tName,tNamespace,tProduction,tElementId,tElementType,tSourceConfigName,tTargetConfigName,tErrorSourceConfigName,tMetricList))

		//DAS.Operation.TriWestReferralNotification
		set tName = "DAS.Operation.TriWestReferralNotification"
		set tNamespace = "CCRAINT"
		set tProduction = "CCRAINTPKG.AccessGatewayProduction"
		set tElementId = "prod-hsagw-agproduction-oper-das-triwest"
		set tElementType = "Interface - REST - Client"
		set tSourceConfigName = "DAS.Process.RTProcess"
		set tTargetConfigName = "DAS.Operation.TriWestReferralNotification"
		set tErrorSourceConfigName = "DAS.Operation.TriWestReferralNotification"
		set tMetricList = "QueueCount,MessageCount,ErrorCount"		
		$$$ThrowOnError(..NewConfigItem(tInstanceName,tName,tNamespace,tProduction,tElementId,tElementType,tSourceConfigName,tTargetConfigName,tErrorSourceConfigName,tMetricList))

		//RealTime.Service.ReferralSOAPServer
		set tName = "RealTime.Service.ReferralSOAPServer"
		set tNamespace = "CCRAINT"
		set tProduction = "CCRAINTPKG.AccessGatewayProduction"
		set tElementId = "prod-hsqgw-agproduction-svc-realtimesoap"
		set tElementType = "Interface - SOAP - Service"
		set tSourceConfigName = "RealTime.Service.ReferralSOAPServer"
		set tTargetConfigName = "RealTime.Process.RouteToNetwork"
		set tErrorSourceConfigName = "RealTime.Service.ReferralSOAPServer"
		set tMetricList = "MessageCount,ErrorCount"				
		$$$ThrowOnError(..NewConfigItem(tInstanceName,tName,tNamespace,tProduction,tElementId,tElementType,tSourceConfigName,tTargetConfigName,tErrorSourceConfigName,tMetricList))

		//PPMS.Locator.Process
		set tName = "PPMS.Locator.Process"
		set tNamespace = "CCRAINT"
		set tProduction = "CCRAINTPKG.AccessGatewayProduction"
		set tElementId = "prod-hsqgw-agproduction-proc-ppmslocator"
		set tElementType = "Interface - Process"
		set tSourceConfigName = "PPMS.Locator.Process"
		set tTargetConfigName = "ToPPMS GetProviderCareSites"
		set tErrorSourceConfigName = "PPMS.Locator.Process"
		set tMetricList = "QueueCount,MessageCount,ErrorCount"				
		$$$ThrowOnError(..NewConfigItem(tInstanceName,tName,tNamespace,tProduction,tElementId,tElementType,tSourceConfigName,tTargetConfigName,tErrorSourceConfigName,tMetricList))

		//RealTime.Service.ReferralSOAPServer
		set tName = "RealTime.Service.ReferralSOAPServer"
		set tNamespace = "CCRAINT"
		set tProduction = "CCRAINTPKG.AccessGatewayProduction"
		set tElementId = "prod-hsqgw-agproduction-svc-rtreferralsoapserver"
		set tElementType = "Interface - SOAP - Server"
		set tSourceConfigName = "RealTime.Service.ReferralSOAPServer"
		set tTargetConfigName = "RealTime.Process.RouteToNetwork"
		set tErrorSourceConfigName = "RealTime.Service.ReferralSOAPServer"
		set tMetricList = "MessageCount,ErrorCount"				
		$$$ThrowOnError(..NewConfigItem(tInstanceName,tName,tNamespace,tProduction,tElementId,tElementType,tSourceConfigName,tTargetConfigName,tErrorSourceConfigName,tMetricList))
	
	} catch e {
	
		set tSC = e.AsStatus()
		
	}
	
	quit tSC
]]></Implementation>
</Method>

<Method name="LoadEdgeConfigItems">
<ClassMethod>1</ClassMethod>
<ReturnType>%String</ReturnType>
<Implementation><![CDATA[
	#dim tSC As %String = $$$OK
	#dim e As %Exception.AbstractException
	
	try {
	
		set tNamespace = "EGVAHSRM"
		for i=1:1:5 {
		
			set tNS = "EGVAHSRM0"_i
			if ##class(%SYS.Namespace).Exists(tNS) {
				set tNamespace = tNS
				quit
			}
			
		}
	
		&sql(DELETE FROM CCRA_Metric.ConfigItem
				WHERE InstanceName = 'VAHSEDGE001'
					AND Production = 'HC2HSRM.Production')

		set tInstanceName = "VAHSEDGE001"
		
		//RefToHSRM
		set tName = tNamespace_"-RefToHSRM"
		set tProduction = "HC2HSRM.Production"
		set tElementId = "prod-hsedge-"_$ZCVT(tNamespace,"L")_"-oper-reftohsrm"
		set tElementType = "Interface - HL7 - Outbound"
		set tSourceConfigName = "FromHCRefRriRDC%"
		set tTargetConfigName = "RefToHSRM"
		set tErrorSourceConfigName = "RefToHSRM"
		set tMetricList = "QueueCount,MessageCount,ErrorCount"
		$$$ThrowOnError(..NewConfigItem(tInstanceName,tName,tNamespace,tProduction,tElementId,tElementType,tSourceConfigName,tTargetConfigName,tErrorSourceConfigName,tMetricList))
		
		//FromHCRefRriRDC1Denver
		set tName = "FromHCRefRriRDC1Denver"
		$$$ThrowOnError(..IsItemEnabled(tNamespace,tName,.tIsEnabled))
		if tIsEnabled {	
			set tName = tNamespace_"-"_tName
			set tProduction = "HC2HSRM.Production"
			set tElementId = "prod-hsedge-"_$ZCVT(tNamespace,"L")_"-svc-refrdc1denver"
			set tElementType = "Interface - HL7 - Inbound"
			set tSourceConfigName = "FromHCRefRriRDC1Denver"
			set tTargetConfigName = "FromHCRefRriRDC1Denver_Router"
			set tErrorSourceConfigName = "FromHCRefRriRDC1Denver"
			set tMetricList = "MessageCount,ErrorCount"				
			$$$ThrowOnError(..NewConfigItem(tInstanceName,tName,tNamespace,tProduction,tElementId,tElementType,tSourceConfigName,tTargetConfigName,tErrorSourceConfigName,tMetricList))
		}

		//FromHCRefRriRDC1Manilla
		set tName = "FromHCRefRriRDC1Manilla"
		$$$ThrowOnError(..IsItemEnabled(tNamespace,tName,.tIsEnabled))
		if tIsEnabled {	
			set tName = tNamespace_"-"_tName
			set tProduction = "HC2HSRM.Production"
			set tElementId = "prod-hsedge-"_$ZCVT(tNamespace,"L")_"-svc-refrdc1manilla"
			set tElementType = "Interface - HL7 - Inbound"
			set tSourceConfigName = "FromHCRefRriRDC1Manilla"
			set tTargetConfigName = "FromHCRefRriRDC1Manilla_Router"
			set tErrorSourceConfigName = "FromHCRefRriRDC1Manilla"
			set tMetricList = "MessageCount,ErrorCount"				
			$$$ThrowOnError(..NewConfigItem(tInstanceName,tName,tNamespace,tProduction,tElementId,tElementType,tSourceConfigName,tTargetConfigName,tErrorSourceConfigName,tMetricList))
		}

		//FromHCRefRriRDC1Sacramento
		set tName = "FromHCRefRriRDC1Sacramento"
		$$$ThrowOnError(..IsItemEnabled(tNamespace,tName,.tIsEnabled))
		if tIsEnabled {	
			set tName = tNamespace_"-"_tName
			set tProduction = "HC2HSRM.Production"
			set tElementId = "prod-hsedge-"_$ZCVT(tNamespace,"L")_"-svc-refrdc1sacramento"
			set tElementType = "Interface - HL7 - Inbound"
			set tSourceConfigName = "FromHCRefRriRDC1Sacramento"
			set tTargetConfigName = "FromHCRefRriRDC1Sacramento_Router"
			set tErrorSourceConfigName = "FromHCRefRriRDC1Sacramento"
			set tMetricList = "MessageCount,ErrorCount"				
			$$$ThrowOnError(..NewConfigItem(tInstanceName,tName,tNamespace,tProduction,tElementId,tElementType,tSourceConfigName,tTargetConfigName,tErrorSourceConfigName,tMetricList))
		}
		
		//FromHCRefRriRDC2StLouis
		set tName = "FromHCRefRriRDC2StLouis"
		$$$ThrowOnError(..IsItemEnabled(tNamespace,tName,.tIsEnabled))
		if tIsEnabled {	
			set tName = tNamespace_"-"_tName
			set tProduction = "HC2HSRM.Production"
			set tElementId = "prod-hsedge-"_$ZCVT(tNamespace,"L")_"-svc-refrdc2stlouis"
			set tElementType = "Interface - HL7 - Inbound"
			set tSourceConfigName = "FromHCRefRriRDC2StLouis"
			set tTargetConfigName = "FromHCRefRriRDC2StLouis_Router"
			set tErrorSourceConfigName = "FromHCRefRriRDC2StLouis"
			set tMetricList = "MessageCount,ErrorCount"				
			$$$ThrowOnError(..NewConfigItem(tInstanceName,tName,tNamespace,tProduction,tElementId,tElementType,tSourceConfigName,tTargetConfigName,tErrorSourceConfigName,tMetricList))
		}
		
		//FromHCRefRriRDC3StLouis
		set tName = "FromHCRefRriRDC3StLouis"
		$$$ThrowOnError(..IsItemEnabled(tNamespace,tName,.tIsEnabled))
		if tIsEnabled {	
			set tName = tNamespace_"-"_tName
			set tProduction = "HC2HSRM.Production"
			set tElementId = "prod-hsedge-"_$ZCVT(tNamespace,"L")_"-svc-refrdc3stlouis"
			set tElementType = "Interface - HL7 - Inbound"
			set tSourceConfigName = "FromHCRefRriRDC3StLouis"
			set tTargetConfigName = "FromHCRefRriRDC3StLouis_Router"
			set tErrorSourceConfigName = "FromHCRefRriRDC3StLouis"
			set tMetricList = "MessageCount,ErrorCount"				
			$$$ThrowOnError(..NewConfigItem(tInstanceName,tName,tNamespace,tProduction,tElementId,tElementType,tSourceConfigName,tTargetConfigName,tErrorSourceConfigName,tMetricList))
		}
		
		//FromHCRefRriRDC4Brooklyn
		set tName = "FromHCRefRriRDC4Brooklyn"
		$$$ThrowOnError(..IsItemEnabled(tNamespace,tName,.tIsEnabled))
		if tIsEnabled {	
			set tName = tNamespace_"-"_tName
			set tProduction = "HC2HSRM.Production"
			set tElementId = "prod-hsedge-"_$ZCVT(tNamespace,"L")_"-svc-refrdc4brooklyn"
			set tElementType = "Interface - HL7 - Inbound"
			set tSourceConfigName = "FromHCRefRriRDC4Brooklyn"
			set tTargetConfigName = "FromHCRefRriRDC4Brooklyn_Router"
			set tErrorSourceConfigName = "FromHCRefRriRDC4Brooklyn"
			set tMetricList = "MessageCount,ErrorCount"				
			$$$ThrowOnError(..NewConfigItem(tInstanceName,tName,tNamespace,tProduction,tElementId,tElementType,tSourceConfigName,tTargetConfigName,tErrorSourceConfigName,tMetricList))
		}
		
		//FromHCRefRriRDC4Philadelphia
		set tName = "FromHCRefRriRDC4Philadelphia"
		$$$ThrowOnError(..IsItemEnabled(tNamespace,tName,.tIsEnabled))
		if tIsEnabled {	
			set tName = tNamespace_"-"_tName
			set tProduction = "HC2HSRM.Production"
			set tElementId = "prod-hsedge-"_$ZCVT(tNamespace,"L")_"-svc-refrdc4philadelphia"
			set tElementType = "Interface - HL7 - Inbound"
			set tSourceConfigName = "FromHCRefRriRDC4Philadelphia"
			set tTargetConfigName = "FromHCRefRriRDC4Philadelphia_Router"
			set tErrorSourceConfigName = "FromHCRefRriRDC4Philadelphia"
			set tMetricList = "MessageCount,ErrorCount"				
			$$$ThrowOnError(..NewConfigItem(tInstanceName,tName,tNamespace,tProduction,tElementId,tElementType,tSourceConfigName,tTargetConfigName,tErrorSourceConfigName,tMetricList))
		}
		
	} catch e {
	
		set tSC = e.AsStatus()
		
	}
	
	quit tSC
]]></Implementation>
</Method>

<Method name="LoadRDCConfigItems">
<ClassMethod>1</ClassMethod>
<ReturnType>%String</ReturnType>
<Implementation><![CDATA[
	#dim tSC As %String = $$$OK
	#dim e As %Exception.AbstractException
	
	try {
	
		//Get Instance Name
		set tInstanceName = ##class(%SYS.System).GetUniqueInstanceName()
		set tInstanceName = $p(tInstanceName,":",2)
		set tNamespace = "VAHCVISTA"
		set tProduction = "VistA2CCRA.Production"
		
		&sql(DELETE FROM CCRA_Metric.ConfigItem
				WHERE InstanceName = :tInstanceName
					AND Production = :tProduction)

		//RefToHCEdge_Prod01
		set tName = tInstanceName_"-"_tNamespace_"-RefToHCEdge_Prod01"
		set tElementId = "prod-rdc-"_$ZCVT(tInstanceName,"L")_"-"_$ZCVT(tNamespace,"L")_"-oper-reftohcedgeprod01"
		set tElementType = "Interface - HL7 - Outbound"
		set tSourceConfigName = "FromVista%"
		set tTargetConfigName = "RefToHCEdge_Prod01"
		set tErrorSourceConfigName = "RefToHCEdge_Prod01"
		set tMetricList = "QueueCount,MessageCount,ErrorCount"
		$$$ThrowOnError(..NewConfigItem(tInstanceName,tName,tNamespace,tProduction,tElementId,tElementType,tSourceConfigName,tTargetConfigName,tErrorSourceConfigName,tMetricList))
		
		/*
		//RefToHCEdge_Prod02
		set tName = tInstanceName_"-"_tNamespace_"-RefToHCEdge_Prod02"
		set tElementId = "prod-rdc-"_$ZCVT(tInstanceName,"L")_"-"_$ZCVT(tNamespace,"L")_"-oper-reftohcedgeprod02"
		set tElementType = "Interface - HL7 - Outbound"
		set tSourceConfigName = "FromVista%"
		set tTargetConfigName = "RefToHCEdge_Prod02"
		set tErrorSourceConfigName = "RefToHCEdge_Prod02"
		set tMetricList = "QueueCount,MessageCount,ErrorCount"
		$$$ThrowOnError(..NewConfigItem(tInstanceName,tName,tNamespace,tProduction,tElementId,tElementType,tSourceConfigName,tTargetConfigName,tErrorSourceConfigName,tMetricList))

		//RefToHCEdge_Prod03
		set tName = tInstanceName_"-"_tNamespace_"-RefToHCEdge_Prod03"
		set tElementId = "prod-rdc-"_$ZCVT(tInstanceName,"L")_"-"_$ZCVT(tNamespace,"L")_"-oper-reftohcedgeprod03"
		set tElementType = "Interface - HL7 - Outbound"
		set tSourceConfigName = "FromVista%"
		set tTargetConfigName = "RefToHCEdge_Prod03"
		set tErrorSourceConfigName = "RefToHCEdge_Prod03"
		set tMetricList = "QueueCount,MessageCount,ErrorCount"
		$$$ThrowOnError(..NewConfigItem(tInstanceName,tName,tNamespace,tProduction,tElementId,tElementType,tSourceConfigName,tTargetConfigName,tErrorSourceConfigName,tMetricList))

		//RefToHCEdge_Prod04
		set tName = tInstanceName_"-"_tNamespace_"-RefToHCEdge_Prod04"
		set tElementId = "prod-rdc-"_$ZCVT(tInstanceName,"L")_"-"_$ZCVT(tNamespace,"L")_"-oper-reftohcedgeprod04"
		set tElementType = "Interface - HL7 - Outbound"
		set tSourceConfigName = "FromVista%"
		set tTargetConfigName = "RefToHCEdge_Prod04"
		set tErrorSourceConfigName = "RefToHCEdge_Prod04"
		set tMetricList = "QueueCount,MessageCount,ErrorCount"
		$$$ThrowOnError(..NewConfigItem(tInstanceName,tName,tNamespace,tProduction,tElementId,tElementType,tSourceConfigName,tTargetConfigName,tErrorSourceConfigName,tMetricList))
		*/
		
		//RefToHCEdge_Prod05
		set tName = tInstanceName_"-"_tNamespace_"-RefToHCEdge_Prod05"
		set tElementId = "prod-rdc-"_$ZCVT(tInstanceName,"L")_"-"_$ZCVT(tNamespace,"L")_"-oper-reftohcedgeprod05"
		set tElementType = "Interface - HL7 - Outbound"
		set tSourceConfigName = "FromVista%"
		set tTargetConfigName = "RefToHCEdge_Prod05"
		set tErrorSourceConfigName = "RefToHCEdge_Prod05"
		set tMetricList = "QueueCount,MessageCount,ErrorCount"
		$$$ThrowOnError(..NewConfigItem(tInstanceName,tName,tNamespace,tProduction,tElementId,tElementType,tSourceConfigName,tTargetConfigName,tErrorSourceConfigName,tMetricList))

		//Inbound Services
		set tInboundSvcList = tInstanceName
		if (tInboundSvcList = "VAHCDVR1") {
			set tSvcList = "Albuquerque,Cheyenne,Denver,ElPaso,FortHarrison,GeorgeEWahlen,GrandJunction,LasVegas,LomaLinda,LongBeach,Phoenix,Prescott,SanDiego,SanFrancisco,Sheridan,Tucson"
		} elseif (tInstance = "VAHCPHC5") {
			set tSvcList = "AnnArbor,Atlanta,Augusta,BattleCreek,BayPines,Beckley,Birmingham,CharlesGeorge,Charleston,Chillicothe,Cincinnati,Cleveland,ColumbiaSC,Columbus,"
			set tSvcList = tSvcList _ "Danville,Dayton,Detroit,Dublin,Durham,Fayetteville,Gainesville,Hampton,HunterHolmesMcGuire,Huntington,Indianapolis,Lexington,LexingtonLeestown,"
			set tSvcList = tSvcList _ "Louisville,Memphis,Miami,Montgomery,MountainHome,NorthernIndiana,Orlando,Saginaw,Salem,Salisbury,SanJuan,Tampa,TennesseeValley,Tuscaloosa,WestPalmBeach"
		}
		
		set tSvcList = $LISTFROMSTRING(tSvcList,",")
		
		for i=1:1:$LISTLENGTH(tSvcList) {
			set tSvc = "FromVista"_$LIST(tSvcList,i)
			set tName = tInstanceName_"-"_tNamespace_"-"_tSvc
			set tElementId = "prod-rdc-"_$ZCVT(tInstanceName,"L")_"-"_$ZCVT(tNamespace,"L")_"-svc-"_tSvc
			set tElementType = "Interface - HL7 - Inbound"
			set tSourceConfigName = tSvc
			set tTargetConfigName = tSvc_"_Router"
			set tErrorSourceConfigName = tSvc
			set tMetricList = "MessageCount,ErrorCount"
			$$$ThrowOnError(..NewConfigItem(tInstanceName,tName,tNamespace,tProduction,tElementId,tElementType,tSourceConfigName,tTargetConfigName,tErrorSourceConfigName,tMetricList))
		}
		
		

	} catch e {
	
		set tSC = e.AsStatus()
		
	}
	
	quit tSC
]]></Implementation>
</Method>

<Method name="IsItemEnabled">
<ClassMethod>1</ClassMethod>
<FormalSpec>pNamespace:%String,pItem:%String,*pIsEnabled:%Boolean=0</FormalSpec>
<ReturnType>%Status</ReturnType>
<Implementation><![CDATA[
	#dim tSC As %Status = $$$OK
	#dim e As %Exception.AbstractException
	
	try {
	
		set tCurrentNS = $NAMESPACE
		set $NAMESPACE = pNamespace
		set pIsEnabled = ##class(Ens.Director).IsItemEnabled(pItem)
		set $NAMESPACE = tCurrentNS
	
	} catch e {
	
		set tSC = e.AsStatus()
		set $NAMESPACE = tCurrentNS
	}

	quit tSC
]]></Implementation>
</Method>

<Storage name="Default">
<Type>%Library.CacheStorage</Type>
<DataLocation>^CCRA.Metric.ConfigItemD</DataLocation>
<DefaultData>ConfigItemDefaultData</DefaultData>
<IdLocation>^CCRA.Metric.ConfigItemD</IdLocation>
<IndexLocation>^CCRA.Metric.ConfigItemI</IndexLocation>
<StreamLocation>^CCRA.Metric.ConfigItemS</StreamLocation>
<Data name="ConfigItemDefaultData">
<Value name="1">
<Value>%%CLASSNAME</Value>
</Value>
<Value name="2">
<Value>Name</Value>
</Value>
<Value name="3">
<Value>Production</Value>
</Value>
<Value name="4">
<Value>MetriclyElementId</Value>
</Value>
<Value name="5">
<Value>MetriclyElementName</Value>
</Value>
<Value name="6">
<Value>SourceConfigName</Value>
</Value>
<Value name="7">
<Value>TargetContfigName</Value>
</Value>
<Value name="8">
<Value>MetricStartTime</Value>
</Value>
<Value name="9">
<Value>MetricEndTime</Value>
</Value>
<Value name="10">
<Value>MetriclyElementType</Value>
</Value>
<Value name="11">
<Value>TargetConfigName</Value>
</Value>
<Value name="12">
<Value>Instance</Value>
</Value>
<Value name="13">
<Value>Namespace</Value>
</Value>
<Value name="14">
<Value>InstanceName</Value>
</Value>
<Value name="15">
<Value>ErrorSourceConfigName</Value>
</Value>
</Data>
</Storage>
</Class>
</Export>
