<?xml version="1.0" encoding="UTF-8"?>
<Export generator="IRIS" version="26" zv="IRIS for UNIX (Red Hat Enterprise Linux for x86-64) 2020.1 (Build 215_0_20146U)" ts="2020-11-06 15:18:35">
<Class name="gen.HMF.USRM.Gateway.HSVA.Transform.SDA3ToHL7.HL7251.SubTransform.AppointmentToAIS">
<Super>Ens.DataTransformDTL</Super>
<TimeChanged>65608,33308.081032</TimeChanged>
<TimeCreated>62985,39378</TimeCreated>
<DependsOn>EnsLib.EDI.XML.Document,EnsLib.HL7.Segment</DependsOn>

<Parameter name="DISTRIBUTESOURCE">
<Type>%String</Type>
<Default>1</Default>
</Parameter>

<Parameter name="IGNOREMISSINGSOURCE">
<Default>0</Default>
</Parameter>

<Parameter name="REPORTERRORS">
<Default>1</Default>
</Parameter>

<Parameter name="SrcVer">
<Description>
This Parameter is updated by Perforce</Description>
<Default>$Id: //trak/main/projects/T2018/VAREF/cls/TC/hmf/Generator/Lib/Transform/DTL/SDA3ToHL7/HL7251/SubTransform/AppointmentToAIS.xml#3 $</Default>
</Parameter>

<XData name="DTL">
<XMLNamespace>http://www.intersystems.com/dtl</XMLNamespace>
<Data><![CDATA[
<transform sourceClass='EnsLib.EDI.XML.Document' targetClass='EnsLib.HL7.Segment' sourceDocType='HS.SDA3:Appointment' targetDocType='2.5:AIS' create='new' language='objectscript' >
<assign value='(##class(HS.Gateway.SDA3.SDA3ToHL7.TransformUtil).XMLTimeStampToDateTime(source.{ToTime})-##class(HS.Gateway.SDA3.SDA3ToHL7.TransformUtil).XMLTimeStampToDateTime(source.{FromTime}))/100' property='tApptDuration' action='set' />
<assign value='"1"' property='target.{SetIDAIS}' action='set' />
<assign value='tApptDuration' property='target.{Duration}' action='set' />
<assign value='"min"' property='target.{DurationUnits.Identifier}' action='set' />
<assign value='"U"' property='target.{SegmentActionCode}' action='set' />
<assign value='source.{OrderItem.Code}' property='target.{UniversalServiceIdentifier.Identifier}' action='set' />
<assign value='##class(HS.Gateway.SDA3.SDA3ToHL7.TransformUtil).XMLTimeStampToDateTime(source.{FromTime})' property='target.{StartDateTime.Time}' action='set' />
<foreach property='source.{CustomPairs()}' key='k1' >
<if condition='source.{CustomPairs(k1).Name}="TimeZone"' >
<true>
<assign value='$select(target.{StartDateTime.Time}&apos;="":target.{StartDateTime.Time}_source.{CustomPairs(k1).Value},1:"")' property='target.{StartDateTime.Time}' action='set' />
</true>
</if>
<if condition='source.{CustomPairs(k1).Name}="Specialty"' >
<true>
<assign value='source.{CustomPairs(k1).Value}' property='target.{UniversalServiceIdentifier.Text}' action='set' />
</true>
</if>
<if condition='source.{CustomPairs(k1).Name}="SchedulingMethod"' >
<true>
<assign value='source.{CustomPairs(k1).Value}' property='target.{UniversalServiceIdentifier.AlternateText}' action='set' />
</true>
</if>
</foreach>
</transform>
]]></Data>
</XData>
</Class>
</Export>
