<?xml version="1.0" encoding="UTF-8"?>
<Export generator="IRIS" version="26" zv="IRIS for Windows (x86-64) 2020.1 (Build 202U)" ts="2021-09-02 22:27:54">
<Class name="WRC.CRC">
<Super>%Base</Super>
<TimeChanged>65989,80836.322724</TimeChanged>
<TimeCreated>65989,45798.711081</TimeCreated>

<Method name="Routines">
<Description>
This method generates checksums for the Routines in the IRISSYS database </Description>
<ClassMethod>1</ClassMethod>
<Implementation><![CDATA[
		
		//----------------------------------------------------------------------------------------------------
		//standard block for outputing tool and system information
		//----------------------------------------------------------------------------------------------------
		write #,"--------------------------------------------------------------------------------",!
		write "Tool: ", $PIECE($STACK($STACK(-1),"PLACE"), " "), " modified "
		write $ZDT(##class(%Dictionary.ClassDefinition).%OpenId(..%ClassName(1)).TimeChanged, 3), !
		write "Time: ", $ZDT($H, 3),!
		write "Host: ", $SYSTEM, " @ ", $SYSTEM.INetInfo.HostNameToAddr($PIECE($SYSTEM, ":")),! 
		write "Version: ", $ZV, " ", !
		write:##class(%ZHSLIB.HealthShareMgr).IsHealthShareInstalled() "HealthShare: [", $PIECE(##class(%ZHSLIB.HealthShareMgr).VersionInfo(), "[", 2, *),!
		write "Mirror: ", $SYSTEM.Mirror.GetMemberType(), "; Status: ",$SYSTEM.Mirror.GetStatus()
		zwrite  
		write !,"--------------------------------------------------------------------------------",!!!
		
		#dim routineName as %String = $ORDER(^|"%SYS"|ROUTINE(""))
		while routineName '= "" {
			
			//create a new stream for each routine
			set stream = ##class(%Stream.TmpCharacter).%New()
		
			//get the first line of a routine; using ^ROUTINE instead of %Routine to get everything  
			#dim routineLine as %String = $ORDER(^|"%SYS"|ROUTINE(routineName, 0, ""))
			while routineLine '= "" {
			
				//only include the NUMERIC subscripts; the others can have timestamps that give falls $CRCs
				//e.g. ^ROUTINE("%ASKDIR",0,"INC","%sySite")="65429,57176" is BAD!
				//only write the zero node with the actual code if it exists
				//e.g. ^ROUTINE("%SYS.Audit.1",0,2420)="   }" is GOOD!
				if (routineLine+0 = routineLine) && ($D(^|"%SYS"|ROUTINE(routineName, 0, routineLine))) {

					do stream.WriteLine($G(^|"%SYS"|ROUTINE(routineName, 0, routineLine)))
					
				}
				
				//get the next line number
				set routineLine = $ORDER(^|"%SYS"|ROUTINE(routineName, 0, routineLine))
			}
			
			//streams are NOT zero indexed
			do stream.MoveTo(1)
			
			//data to gather
			set crc = 0
			set length = 0
		
			//loop through the whole stream
			while 'stream.AtEnd {
				//reads a default max of 32K characters
				set source = stream.Read()
				
				//track the total length
				set length = length + $LENGTH(source)
				
				//7 = A correct 32-bit CRC-32 
				//https://docs.intersystems.com/irislatest/csp/docbook/DocBook.UI.Page.cls?KEY=RCOS_fzcrc
				set crc = $ZCRC(source, 7, crc) 

			}
			
			//extract the compile time from %Library.Routine if available (object only may not appear)
			set time = ""
			set routine = ##class(%Library.Routine).%OpenId(routineName)
			if ( $ISOBJECT(routine) ) { 
				set time = $PIECE(routine.TimeStamp, ".")
			}
			
			//output the collected variables
			write time, ",", length, ",", crc, ",", routineName, !
			
			//get the next routine
			set routineName = $ORDER(^|"%SYS"|ROUTINE(routineName))
		}
]]></Implementation>
</Method>
</Class>
</Export>
